{
  "https://opensource-demo.orangehrmlive.com/web/index.php/leave/applyLeave-6" : {
    "transaction" : "https://opensource-demo.orangehrmlive.com/web/index.php/leave/applyLeave-6",
    "sampleCount" : 50,
    "errorCount" : 0,
    "errorPct" : 0.0,
    "meanResTime" : 376.47999999999996,
    "medianResTime" : 276.5,
    "minResTime" : 185.0,
    "maxResTime" : 795.0,
    "pct1ResTime" : 679.4,
    "pct2ResTime" : 697.3999999999999,
    "pct3ResTime" : 795.0,
    "throughput" : 0.5096580194689363,
    "receivedKBytesPerSec" : 0.49472663217980734,
    "sentKBytesPerSec" : 0.3414310560114163
  },
  "https://opensource-demo.orangehrmlive.com/web/index.php/leave/applyLeave-5" : {
    "transaction" : "https://opensource-demo.orangehrmlive.com/web/index.php/leave/applyLeave-5",
    "sampleCount" : 50,
    "errorCount" : 0,
    "errorPct" : 0.0,
    "meanResTime" : 377.11999999999995,
    "medianResTime" : 263.0,
    "minResTime" : 178.0,
    "maxResTime" : 876.0,
    "pct1ResTime" : 661.0,
    "pct2ResTime" : 750.9999999999997,
    "pct3ResTime" : 876.0,
    "throughput" : 0.5095956867821071,
    "receivedKBytesPerSec" : 0.4946661256459125,
    "sentKBytesPerSec" : 0.34636581835971336
  },
  "https://opensource-demo.orangehrmlive.com/web/index.php/leave/applyLeave-4" : {
    "transaction" : "https://opensource-demo.orangehrmlive.com/web/index.php/leave/applyLeave-4",
    "sampleCount" : 50,
    "errorCount" : 0,
    "errorPct" : 0.0,
    "meanResTime" : 356.25999999999993,
    "medianResTime" : 229.0,
    "minResTime" : 182.0,
    "maxResTime" : 878.0,
    "pct1ResTime" : 662.0999999999999,
    "pct2ResTime" : 736.1499999999995,
    "pct3ResTime" : 878.0,
    "throughput" : 0.5096839959225281,
    "receivedKBytesPerSec" : 0.49425410932721714,
    "sentKBytesPerSec" : 0.3419461964831805
  },
  "https://opensource-demo.orangehrmlive.com/web/index.php/leave/applyLeave-3" : {
    "transaction" : "https://opensource-demo.orangehrmlive.com/web/index.php/leave/applyLeave-3",
    "sampleCount" : 50,
    "errorCount" : 0,
    "errorPct" : 0.0,
    "meanResTime" : 360.2000000000001,
    "medianResTime" : 223.0,
    "minResTime" : 176.0,
    "maxResTime" : 878.0,
    "pct1ResTime" : 640.7,
    "pct2ResTime" : 725.3499999999999,
    "pct3ResTime" : 878.0,
    "throughput" : 0.5096372402124167,
    "receivedKBytesPerSec" : 0.49420876907317374,
    "sentKBytesPerSec" : 0.346891754324272
  },
  "https://opensource-demo.orangehrmlive.com/web/index.php/leave/applyLeave-2" : {
    "transaction" : "https://opensource-demo.orangehrmlive.com/web/index.php/leave/applyLeave-2",
    "sampleCount" : 50,
    "errorCount" : 0,
    "errorPct" : 0.0,
    "meanResTime" : 360.68,
    "medianResTime" : 233.5,
    "minResTime" : 185.0,
    "maxResTime" : 876.0,
    "pct1ResTime" : 673.1,
    "pct2ResTime" : 750.9999999999997,
    "pct3ResTime" : 876.0,
    "throughput" : 0.5095956867821071,
    "receivedKBytesPerSec" : 0.49317316953229307,
    "sentKBytesPerSec" : 0.3408916459431087
  },
  "https://opensource-demo.orangehrmlive.com/web/index.php/leave/applyLeave-1" : {
    "transaction" : "https://opensource-demo.orangehrmlive.com/web/index.php/leave/applyLeave-1",
    "sampleCount" : 50,
    "errorCount" : 0,
    "errorPct" : 0.0,
    "meanResTime" : 442.38,
    "medianResTime" : 382.5,
    "minResTime" : 339.0,
    "maxResTime" : 1457.0,
    "pct1ResTime" : 513.9,
    "pct2ResTime" : 867.5499999999984,
    "pct3ResTime" : 1457.0,
    "throughput" : 0.5082850462539392,
    "receivedKBytesPerSec" : 2.140684167556165,
    "sentKBytesPerSec" : 0.2923631760191115
  },
  "https://opensource-demo.orangehrmlive.com/web/index.php/recruitment/viewRecruitmentModule-0" : {
    "transaction" : "https://opensource-demo.orangehrmlive.com/web/index.php/recruitment/viewRecruitmentModule-0",
    "sampleCount" : 25,
    "errorCount" : 0,
    "errorPct" : 0.0,
    "meanResTime" : 499.87999999999994,
    "medianResTime" : 349.0,
    "minResTime" : 275.0,
    "maxResTime" : 1001.0,
    "pct1ResTime" : 858.4000000000001,
    "pct2ResTime" : 961.0999999999999,
    "pct3ResTime" : 1001.0,
    "throughput" : 0.2428033098947205,
    "receivedKBytesPerSec" : 0.3888646760032633,
    "sentKBytesPerSec" : 0.14511291567926654
  },
  "https://opensource-demo.orangehrmlive.com/web/index.php/pim/viewMyDetails-0" : {
    "transaction" : "https://opensource-demo.orangehrmlive.com/web/index.php/pim/viewMyDetails-0",
    "sampleCount" : 25,
    "errorCount" : 0,
    "errorPct" : 0.0,
    "meanResTime" : 439.84000000000003,
    "medianResTime" : 322.0,
    "minResTime" : 268.0,
    "maxResTime" : 978.0,
    "pct1ResTime" : 888.0000000000002,
    "pct2ResTime" : 975.3,
    "pct3ResTime" : 978.0,
    "throughput" : 0.20308197200718098,
    "receivedKBytesPerSec" : 0.3252484707927508,
    "sentKBytesPerSec" : 0.11820005401980456
  },
  "https://opensource-demo.orangehrmlive.com/web/index.php/recruitment/viewRecruitmentModule-1" : {
    "transaction" : "https://opensource-demo.orangehrmlive.com/web/index.php/recruitment/viewRecruitmentModule-1",
    "sampleCount" : 25,
    "errorCount" : 0,
    "errorPct" : 0.0,
    "meanResTime" : 372.52000000000004,
    "medianResTime" : 376.0,
    "minResTime" : 338.0,
    "maxResTime" : 423.0,
    "pct1ResTime" : 402.40000000000003,
    "pct2ResTime" : 419.7,
    "pct3ResTime" : 423.0,
    "throughput" : 0.24264777249344852,
    "receivedKBytesPerSec" : 1.0220873926283607,
    "sentKBytesPerSec" : 0.13956986132679802
  },
  "Dashboard" : {
    "transaction" : "Dashboard",
    "sampleCount" : 25,
    "errorCount" : 0,
    "errorPct" : 0.0,
    "meanResTime" : 1707.3999999999999,
    "medianResTime" : 1626.0,
    "minResTime" : 1136.0,
    "maxResTime" : 3274.0,
    "pct1ResTime" : 2315.6000000000004,
    "pct2ResTime" : 3002.499999999999,
    "pct3ResTime" : 3274.0,
    "throughput" : 0.22612156295224312,
    "receivedKBytesPerSec" : 2.642265794591172,
    "sentKBytesPerSec" : 1.1526899986432706
  },
  "https://opensource-demo.orangehrmlive.com/web/index.php/pim/viewMyDetails-1" : {
    "transaction" : "https://opensource-demo.orangehrmlive.com/web/index.php/pim/viewMyDetails-1",
    "sampleCount" : 25,
    "errorCount" : 0,
    "errorPct" : 0.0,
    "meanResTime" : 399.6,
    "medianResTime" : 378.0,
    "minResTime" : 334.0,
    "maxResTime" : 525.0,
    "pct1ResTime" : 484.8,
    "pct2ResTime" : 514.1999999999999,
    "pct3ResTime" : 525.0,
    "throughput" : 0.20294843486167036,
    "receivedKBytesPerSec" : 0.8544287661141058,
    "sentKBytesPerSec" : 0.11673498841164437
  },
  "https://opensource-demo.orangehrmlive.com/web/index.php/recruitment/viewRecruitmentModule-2" : {
    "transaction" : "https://opensource-demo.orangehrmlive.com/web/index.php/recruitment/viewRecruitmentModule-2",
    "sampleCount" : 25,
    "errorCount" : 0,
    "errorPct" : 0.0,
    "meanResTime" : 370.92,
    "medianResTime" : 220.0,
    "minResTime" : 187.0,
    "maxResTime" : 1047.0,
    "pct1ResTime" : 887.0000000000003,
    "pct2ResTime" : 1026.8999999999999,
    "pct3ResTime" : 1047.0,
    "throughput" : 0.24309843541846965,
    "receivedKBytesPerSec" : 0.23526420849580412,
    "sentKBytesPerSec" : 0.16261955884926924
  },
  "https://opensource-demo.orangehrmlive.com/web/index.php/recruitment/viewRecruitmentModule-3" : {
    "transaction" : "https://opensource-demo.orangehrmlive.com/web/index.php/recruitment/viewRecruitmentModule-3",
    "sampleCount" : 25,
    "errorCount" : 0,
    "errorPct" : 0.0,
    "meanResTime" : 378.64000000000004,
    "medianResTime" : 212.0,
    "minResTime" : 186.0,
    "maxResTime" : 1047.0,
    "pct1ResTime" : 879.2000000000004,
    "pct2ResTime" : 1026.8999999999999,
    "pct3ResTime" : 1047.0,
    "throughput" : 0.24309843541846965,
    "receivedKBytesPerSec" : 0.23573901012748083,
    "sentKBytesPerSec" : 0.16546836863932943
  },
  "Login-0" : {
    "transaction" : "Login-0",
    "sampleCount" : 25,
    "errorCount" : 0,
    "errorPct" : 0.0,
    "meanResTime" : 457.96,
    "medianResTime" : 354.0,
    "minResTime" : 309.0,
    "maxResTime" : 1859.0,
    "pct1ResTime" : 832.000000000001,
    "pct2ResTime" : 1637.2999999999995,
    "pct3ResTime" : 1859.0,
    "throughput" : 0.5258950734149522,
    "receivedKBytesPerSec" : 0.8422538285161345,
    "sentKBytesPerSec" : 0.4370475658946527
  },
  "https://opensource-demo.orangehrmlive.com/web/index.php/recruitment/viewRecruitmentModule-4" : {
    "transaction" : "https://opensource-demo.orangehrmlive.com/web/index.php/recruitment/viewRecruitmentModule-4",
    "sampleCount" : 25,
    "errorCount" : 0,
    "errorPct" : 0.0,
    "meanResTime" : 355.64,
    "medianResTime" : 253.0,
    "minResTime" : 183.0,
    "maxResTime" : 664.0,
    "pct1ResTime" : 633.0,
    "pct2ResTime" : 655.6,
    "pct3ResTime" : 664.0,
    "throughput" : 0.2431126194898525,
    "receivedKBytesPerSec" : 0.23575276479826515,
    "sentKBytesPerSec" : 0.16310387655227407
  },
  "Login-1" : {
    "transaction" : "Login-1",
    "sampleCount" : 25,
    "errorCount" : 0,
    "errorPct" : 0.0,
    "meanResTime" : 453.03999999999996,
    "medianResTime" : 382.0,
    "minResTime" : 340.0,
    "maxResTime" : 1281.0,
    "pct1ResTime" : 806.8000000000004,
    "pct2ResTime" : 1174.1999999999998,
    "pct3ResTime" : 1281.0,
    "throughput" : 0.5289326139849783,
    "receivedKBytesPerSec" : 2.2952989461017665,
    "sentKBytesPerSec" : 0.32954981222892205
  },
  "https://opensource-demo.orangehrmlive.com/web/index.php/recruitment/viewRecruitmentModule-5" : {
    "transaction" : "https://opensource-demo.orangehrmlive.com/web/index.php/recruitment/viewRecruitmentModule-5",
    "sampleCount" : 25,
    "errorCount" : 0,
    "errorPct" : 0.0,
    "meanResTime" : 397.0,
    "medianResTime" : 232.0,
    "minResTime" : 179.0,
    "maxResTime" : 1047.0,
    "pct1ResTime" : 881.0000000000003,
    "pct2ResTime" : 1026.8999999999999,
    "pct3ResTime" : 1047.0,
    "throughput" : 0.24306534568753463,
    "receivedKBytesPerSec" : 0.23594429063809516,
    "sentKBytesPerSec" : 0.1652084771469962
  },
  "Login-2" : {
    "transaction" : "Login-2",
    "sampleCount" : 25,
    "errorCount" : 0,
    "errorPct" : 0.0,
    "meanResTime" : 251.88000000000002,
    "medianResTime" : 213.0,
    "minResTime" : 185.0,
    "maxResTime" : 516.0,
    "pct1ResTime" : 382.2000000000001,
    "pct2ResTime" : 483.5999999999999,
    "pct3ResTime" : 516.0,
    "throughput" : 0.5408094836351051,
    "receivedKBytesPerSec" : 0.5233810530101456,
    "sentKBytesPerSec" : 0.38765054784000696
  },
  "https://opensource-demo.orangehrmlive.com/web/index.php/recruitment/viewRecruitmentModule-6" : {
    "transaction" : "https://opensource-demo.orangehrmlive.com/web/index.php/recruitment/viewRecruitmentModule-6",
    "sampleCount" : 25,
    "errorCount" : 0,
    "errorPct" : 0.0,
    "meanResTime" : 406.96000000000004,
    "medianResTime" : 233.0,
    "minResTime" : 185.0,
    "maxResTime" : 1047.0,
    "pct1ResTime" : 901.4000000000003,
    "pct2ResTime" : 1026.8999999999999,
    "pct3ResTime" : 1047.0,
    "throughput" : 0.24304171568007932,
    "receivedKBytesPerSec" : 0.23592135291601452,
    "sentKBytesPerSec" : 0.16281896187161565
  },
  "Login-3" : {
    "transaction" : "Login-3",
    "sampleCount" : 25,
    "errorCount" : 0,
    "errorPct" : 0.0,
    "meanResTime" : 251.12000000000003,
    "medianResTime" : 215.0,
    "minResTime" : 189.0,
    "maxResTime" : 527.0,
    "pct1ResTime" : 382.2000000000001,
    "pct2ResTime" : 491.2999999999999,
    "pct3ResTime" : 527.0,
    "throughput" : 0.5408094836351051,
    "receivedKBytesPerSec" : 0.5244373215328705,
    "sentKBytesPerSec" : 0.39398815897635586
  },
  "Recruitment" : {
    "transaction" : "Recruitment",
    "sampleCount" : 25,
    "errorCount" : 0,
    "errorPct" : 0.0,
    "meanResTime" : 3241.04,
    "medianResTime" : 3330.0,
    "minResTime" : 2395.0,
    "maxResTime" : 4823.0,
    "pct1ResTime" : 4072.6000000000013,
    "pct2ResTime" : 4704.799999999999,
    "pct3ResTime" : 4823.0,
    "throughput" : 0.2717361767806872,
    "receivedKBytesPerSec" : 6.352491243301703,
    "sentKBytesPerSec" : 2.778130893278334
  },
  "Login-4" : {
    "transaction" : "Login-4",
    "sampleCount" : 25,
    "errorCount" : 0,
    "errorPct" : 0.0,
    "meanResTime" : 250.60000000000002,
    "medianResTime" : 211.0,
    "minResTime" : 187.0,
    "maxResTime" : 527.0,
    "pct1ResTime" : 382.2000000000001,
    "pct2ResTime" : 491.2999999999999,
    "pct3ResTime" : 527.0,
    "throughput" : 0.5408094836351051,
    "receivedKBytesPerSec" : 0.5244373215328705,
    "sentKBytesPerSec" : 0.38870681636273174
  },
  "https://opensource-demo.orangehrmlive.com/web/index.php/recruitment/viewJobVacancy-5" : {
    "transaction" : "https://opensource-demo.orangehrmlive.com/web/index.php/recruitment/viewJobVacancy-5",
    "sampleCount" : 25,
    "errorCount" : 0,
    "errorPct" : 0.0,
    "meanResTime" : 259.72,
    "medianResTime" : 210.0,
    "minResTime" : 183.0,
    "maxResTime" : 636.0,
    "pct1ResTime" : 489.60000000000025,
    "pct2ResTime" : 610.8,
    "pct3ResTime" : 636.0,
    "throughput" : 0.22922741193082835,
    "receivedKBytesPerSec" : 0.22251176509691736,
    "sentKBytesPerSec" : 0.1558030065467349
  },
  "https://opensource-demo.orangehrmlive.com/web/index.php/dashboard/index-5" : {
    "transaction" : "https://opensource-demo.orangehrmlive.com/web/index.php/dashboard/index-5",
    "sampleCount" : 25,
    "errorCount" : 0,
    "errorPct" : 0.0,
    "meanResTime" : 322.72,
    "medianResTime" : 262.0,
    "minResTime" : 189.0,
    "maxResTime" : 649.0,
    "pct1ResTime" : 626.4000000000001,
    "pct2ResTime" : 645.1,
    "pct3ResTime" : 649.0,
    "throughput" : 0.20378551981610396,
    "receivedKBytesPerSec" : 0.19781524091524152,
    "sentKBytesPerSec" : 0.13851047050000814
  },
  "Login-5" : {
    "transaction" : "Login-5",
    "sampleCount" : 25,
    "errorCount" : 0,
    "errorPct" : 0.0,
    "meanResTime" : 252.63999999999993,
    "medianResTime" : 211.0,
    "minResTime" : 188.0,
    "maxResTime" : 517.0,
    "pct1ResTime" : 382.2000000000001,
    "pct2ResTime" : 484.29999999999995,
    "pct3ResTime" : 517.0,
    "throughput" : 0.5408094836351051,
    "receivedKBytesPerSec" : 0.5249654557942328,
    "sentKBytesPerSec" : 0.3934600247149934
  },
  "https://opensource-demo.orangehrmlive.com/web/index.php/recruitment/viewRecruitmentModule" : {
    "transaction" : "https://opensource-demo.orangehrmlive.com/web/index.php/recruitment/viewRecruitmentModule",
    "sampleCount" : 25,
    "errorCount" : 0,
    "errorPct" : 0.0,
    "meanResTime" : 1313.0,
    "medianResTime" : 991.0,
    "minResTime" : 831.0,
    "maxResTime" : 2196.0,
    "pct1ResTime" : 2060.2000000000003,
    "pct2ResTime" : 2163.9,
    "pct3ResTime" : 2196.0,
    "throughput" : 0.24144325117824306,
    "receivedKBytesPerSec" : 2.5743698029340183,
    "sentKBytesPerSec" : 1.096869145001159
  },
  "https://opensource-demo.orangehrmlive.com/web/index.php/recruitment/viewJobVacancy-4" : {
    "transaction" : "https://opensource-demo.orangehrmlive.com/web/index.php/recruitment/viewJobVacancy-4",
    "sampleCount" : 25,
    "errorCount" : 0,
    "errorPct" : 0.0,
    "meanResTime" : 295.48,
    "medianResTime" : 207.0,
    "minResTime" : 180.0,
    "maxResTime" : 959.0,
    "pct1ResTime" : 605.2,
    "pct2ResTime" : 854.2999999999997,
    "pct3ResTime" : 959.0,
    "throughput" : 0.2299061982711054,
    "receivedKBytesPerSec" : 0.22294614734688248,
    "sentKBytesPerSec" : 0.1542437091916498
  },
  "https://opensource-demo.orangehrmlive.com/web/index.php/dashboard/index-6" : {
    "transaction" : "https://opensource-demo.orangehrmlive.com/web/index.php/dashboard/index-6",
    "sampleCount" : 25,
    "errorCount" : 0,
    "errorPct" : 0.0,
    "meanResTime" : 334.76,
    "medianResTime" : 270.0,
    "minResTime" : 190.0,
    "maxResTime" : 651.0,
    "pct1ResTime" : 601.8,
    "pct2ResTime" : 636.5999999999999,
    "pct3ResTime" : 651.0,
    "throughput" : 0.20378551981610396,
    "receivedKBytesPerSec" : 0.19781524091524152,
    "sentKBytesPerSec" : 0.13652037753305402
  },
  "Login-6" : {
    "transaction" : "Login-6",
    "sampleCount" : 25,
    "errorCount" : 0,
    "errorPct" : 0.0,
    "meanResTime" : 252.11999999999995,
    "medianResTime" : 210.0,
    "minResTime" : 192.0,
    "maxResTime" : 517.0,
    "pct1ResTime" : 382.2000000000001,
    "pct2ResTime" : 484.29999999999995,
    "pct3ResTime" : 517.0,
    "throughput" : 0.5408094836351051,
    "receivedKBytesPerSec" : 0.5249654557942328,
    "sentKBytesPerSec" : 0.38817868210136935
  },
  "https://opensource-demo.orangehrmlive.com/web/index.php/dashboard/index" : {
    "transaction" : "https://opensource-demo.orangehrmlive.com/web/index.php/dashboard/index",
    "sampleCount" : 25,
    "errorCount" : 0,
    "errorPct" : 0.0,
    "meanResTime" : 1326.4,
    "medianResTime" : 1236.0,
    "minResTime" : 826.0,
    "maxResTime" : 2453.0,
    "pct1ResTime" : 2002.6000000000001,
    "pct2ResTime" : 2330.2999999999997,
    "pct3ResTime" : 2453.0,
    "throughput" : 0.20263588762624216,
    "receivedKBytesPerSec" : 2.159655296091559,
    "sentKBytesPerSec" : 0.9170065461523498
  },
  "https://opensource-demo.orangehrmlive.com/web/index.php/recruitment/viewJobVacancy-6" : {
    "transaction" : "https://opensource-demo.orangehrmlive.com/web/index.php/recruitment/viewJobVacancy-6",
    "sampleCount" : 25,
    "errorCount" : 0,
    "errorPct" : 0.0,
    "meanResTime" : 311.48,
    "medianResTime" : 210.0,
    "minResTime" : 183.0,
    "maxResTime" : 959.0,
    "pct1ResTime" : 624.2,
    "pct2ResTime" : 863.5999999999998,
    "pct3ResTime" : 959.0,
    "throughput" : 0.22904050352264294,
    "receivedKBytesPerSec" : 0.222330332521003,
    "sentKBytesPerSec" : 0.15343924357083308
  },
  "https://opensource-demo.orangehrmlive.com/web/index.php/core/i18n/messages" : {
    "transaction" : "https://opensource-demo.orangehrmlive.com/web/index.php/core/i18n/messages",
    "sampleCount" : 225,
    "errorCount" : 0,
    "errorPct" : 0.0,
    "meanResTime" : 421.95111111111106,
    "medianResTime" : 339.0,
    "minResTime" : 305.0,
    "maxResTime" : 1614.0,
    "pct1ResTime" : 759.6,
    "pct2ResTime" : 882.7999999999997,
    "pct3ResTime" : 1465.940000000004,
    "throughput" : 0.8826229199519854,
    "receivedKBytesPerSec" : 9.931476895383685,
    "sentKBytesPerSec" : 0.4990612018087886
  },
  "https://opensource-demo.orangehrmlive.com/web/index.php/dashboard/index-1" : {
    "transaction" : "https://opensource-demo.orangehrmlive.com/web/index.php/dashboard/index-1",
    "sampleCount" : 25,
    "errorCount" : 0,
    "errorPct" : 0.0,
    "meanResTime" : 449.12,
    "medianResTime" : 365.0,
    "minResTime" : 337.0,
    "maxResTime" : 1230.0,
    "pct1ResTime" : 681.2000000000004,
    "pct2ResTime" : 1095.5999999999997,
    "pct3ResTime" : 1230.0,
    "throughput" : 0.2036427617216774,
    "receivedKBytesPerSec" : 0.8568507843300968,
    "sentKBytesPerSec" : 0.11713436196686325
  },
  "Test" : {
    "transaction" : "Test",
    "sampleCount" : 25,
    "errorCount" : 0,
    "errorPct" : 0.0,
    "meanResTime" : 7656.28,
    "medianResTime" : 7120.0,
    "minResTime" : 5357.0,
    "maxResTime" : 13887.0,
    "pct1ResTime" : 10962.000000000007,
    "pct2ResTime" : 13666.5,
    "pct3ResTime" : 13887.0,
    "throughput" : 0.7279079924297568,
    "receivedKBytesPerSec" : 2662.1372117939295,
    "sentKBytesPerSec" : 6.944270681685835
  },
  "https://opensource-demo.orangehrmlive.com/web/index.php/dashboard/index-2" : {
    "transaction" : "https://opensource-demo.orangehrmlive.com/web/index.php/dashboard/index-2",
    "sampleCount" : 25,
    "errorCount" : 0,
    "errorPct" : 0.0,
    "meanResTime" : 351.35999999999996,
    "medianResTime" : 291.0,
    "minResTime" : 188.0,
    "maxResTime" : 636.0,
    "pct1ResTime" : 628.8,
    "pct2ResTime" : 634.2,
    "pct3ResTime" : 636.0,
    "throughput" : 0.20378551981610396,
    "receivedKBytesPerSec" : 0.1972182130251553,
    "sentKBytesPerSec" : 0.1363213682363586
  },
  "https://opensource-demo.orangehrmlive.com/web/index.php/dashboard/index-3" : {
    "transaction" : "https://opensource-demo.orangehrmlive.com/web/index.php/dashboard/index-3",
    "sampleCount" : 25,
    "errorCount" : 0,
    "errorPct" : 0.0,
    "meanResTime" : 389.7199999999999,
    "medianResTime" : 306.0,
    "minResTime" : 183.0,
    "maxResTime" : 921.0,
    "pct1ResTime" : 640.4,
    "pct2ResTime" : 838.7999999999998,
    "pct3ResTime" : 921.0,
    "throughput" : 0.20378551981610396,
    "receivedKBytesPerSec" : 0.1976162316185461,
    "sentKBytesPerSec" : 0.13870947979670356
  },
  "https://opensource-demo.orangehrmlive.com/web/index.php/dashboard/index-4" : {
    "transaction" : "https://opensource-demo.orangehrmlive.com/web/index.php/dashboard/index-4",
    "sampleCount" : 25,
    "errorCount" : 0,
    "errorPct" : 0.0,
    "meanResTime" : 333.4000000000001,
    "medianResTime" : 270.0,
    "minResTime" : 189.0,
    "maxResTime" : 636.0,
    "pct1ResTime" : 617.8000000000001,
    "pct2ResTime" : 634.5,
    "pct3ResTime" : 636.0,
    "throughput" : 0.20378551981610396,
    "receivedKBytesPerSec" : 0.1976162316185461,
    "sentKBytesPerSec" : 0.13671938682974943
  },
  "Homepage-6" : {
    "transaction" : "Homepage-6",
    "sampleCount" : 25,
    "errorCount" : 0,
    "errorPct" : 0.0,
    "meanResTime" : 3255.4,
    "medianResTime" : 3238.0,
    "minResTime" : 2066.0,
    "maxResTime" : 4347.0,
    "pct1ResTime" : 4092.8,
    "pct2ResTime" : 4278.3,
    "pct3ResTime" : 4347.0,
    "throughput" : 0.8516146613980107,
    "receivedKBytesPerSec" : 1213.9068408076712,
    "sentKBytesPerSec" : 0.49649800083458234
  },
  "Homepage-5" : {
    "transaction" : "Homepage-5",
    "sampleCount" : 25,
    "errorCount" : 0,
    "errorPct" : 0.0,
    "meanResTime" : 3577.52,
    "medianResTime" : 3137.0,
    "minResTime" : 2306.0,
    "maxResTime" : 10151.0,
    "pct1ResTime" : 6146.600000000011,
    "pct2ResTime" : 9892.699999999999,
    "pct3ResTime" : 10151.0,
    "throughput" : 0.8538834619851083,
    "receivedKBytesPerSec" : 967.6842800588327,
    "sentKBytesPerSec" : 0.5061594349853132
  },
  "Homepage-4" : {
    "transaction" : "Homepage-4",
    "sampleCount" : 25,
    "errorCount" : 0,
    "errorPct" : 0.0,
    "meanResTime" : 2185.8,
    "medianResTime" : 2138.0,
    "minResTime" : 1465.0,
    "maxResTime" : 2828.0,
    "pct1ResTime" : 2727.2000000000003,
    "pct2ResTime" : 2826.2,
    "pct3ResTime" : 2828.0,
    "throughput" : 0.8795074758135445,
    "receivedKBytesPerSec" : 420.1219973065083,
    "sentKBytesPerSec" : 0.5144775175901495
  },
  "ApplyLeave" : {
    "transaction" : "ApplyLeave",
    "sampleCount" : 25,
    "errorCount" : 0,
    "errorPct" : 0.0,
    "meanResTime" : 3095.1200000000003,
    "medianResTime" : 2945.0,
    "minResTime" : 2431.0,
    "maxResTime" : 5033.0,
    "pct1ResTime" : 3955.400000000002,
    "pct2ResTime" : 4858.4,
    "pct3ResTime" : 5033.0,
    "throughput" : 0.2894858730893932,
    "receivedKBytesPerSec" : 6.7680553243689205,
    "sentKBytesPerSec" : 2.9533778478172765
  },
  "Homepage-3" : {
    "transaction" : "Homepage-3",
    "sampleCount" : 25,
    "errorCount" : 0,
    "errorPct" : 0.0,
    "meanResTime" : 2258.6399999999994,
    "medianResTime" : 2160.0,
    "minResTime" : 1596.0,
    "maxResTime" : 3278.0,
    "pct1ResTime" : 2859.6,
    "pct2ResTime" : 3160.3999999999996,
    "pct3ResTime" : 3278.0,
    "throughput" : 0.8722654478210808,
    "receivedKBytesPerSec" : 444.9064876923345,
    "sentKBytesPerSec" : 0.5187594313701546
  },
  "Homepage-2" : {
    "transaction" : "Homepage-2",
    "sampleCount" : 25,
    "errorCount" : 0,
    "errorPct" : 0.0,
    "meanResTime" : 733.7199999999999,
    "medianResTime" : 715.0,
    "minResTime" : 201.0,
    "maxResTime" : 1773.0,
    "pct1ResTime" : 1485.0000000000005,
    "pct2ResTime" : 1716.3,
    "pct3ResTime" : 1773.0,
    "throughput" : 0.9253775540420491,
    "receivedKBytesPerSec" : 1.5127754154945219,
    "sentKBytesPerSec" : 0.541309721553894
  },
  "https://opensource-demo.orangehrmlive.com/web/index.php/recruitment/viewJobVacancy-1" : {
    "transaction" : "https://opensource-demo.orangehrmlive.com/web/index.php/recruitment/viewJobVacancy-1",
    "sampleCount" : 25,
    "errorCount" : 0,
    "errorPct" : 0.0,
    "meanResTime" : 442.32000000000005,
    "medianResTime" : 379.0,
    "minResTime" : 333.0,
    "maxResTime" : 1134.0,
    "pct1ResTime" : 694.4000000000005,
    "pct2ResTime" : 1053.6,
    "pct3ResTime" : 1134.0,
    "throughput" : 0.22930730848253594,
    "receivedKBytesPerSec" : 0.9654106406616891,
    "sentKBytesPerSec" : 0.13189648896114617
  },
  "Homepage-1" : {
    "transaction" : "Homepage-1",
    "sampleCount" : 25,
    "errorCount" : 0,
    "errorPct" : 0.0,
    "meanResTime" : 541.4000000000001,
    "medianResTime" : 434.0,
    "minResTime" : 341.0,
    "maxResTime" : 1291.0,
    "pct1ResTime" : 956.4000000000002,
    "pct2ResTime" : 1211.4999999999998,
    "pct3ResTime" : 1291.0,
    "throughput" : 0.9037995734066013,
    "receivedKBytesPerSec" : 3.894775981978236,
    "sentKBytesPerSec" : 0.47396520597592273
  },
  "https://opensource-demo.orangehrmlive.com/web/index.php/recruitment/viewJobVacancy-0" : {
    "transaction" : "https://opensource-demo.orangehrmlive.com/web/index.php/recruitment/viewJobVacancy-0",
    "sampleCount" : 25,
    "errorCount" : 0,
    "errorPct" : 0.0,
    "meanResTime" : 439.28,
    "medianResTime" : 316.0,
    "minResTime" : 271.0,
    "maxResTime" : 916.0,
    "pct1ResTime" : 870.4,
    "pct2ResTime" : 903.4,
    "pct3ResTime" : 916.0,
    "throughput" : 0.23047634851711518,
    "receivedKBytesPerSec" : 0.36912227692194227,
    "sentKBytesPerSec" : 0.1361701082547409
  },
  "Homepage-0" : {
    "transaction" : "Homepage-0",
    "sampleCount" : 25,
    "errorCount" : 0,
    "errorPct" : 0.0,
    "meanResTime" : 1183.5200000000002,
    "medianResTime" : 1124.0,
    "minResTime" : 812.0,
    "maxResTime" : 2370.0,
    "pct1ResTime" : 1754.8000000000002,
    "pct2ResTime" : 2210.0999999999995,
    "pct3ResTime" : 2370.0,
    "throughput" : 0.8430565859580494,
    "receivedKBytesPerSec" : 0.8677555093747893,
    "sentKBytesPerSec" : 0.4223515904262494
  },
  "https://opensource-demo.orangehrmlive.com/web/index.php/recruitment/viewJobVacancy-3" : {
    "transaction" : "https://opensource-demo.orangehrmlive.com/web/index.php/recruitment/viewJobVacancy-3",
    "sampleCount" : 25,
    "errorCount" : 0,
    "errorPct" : 0.0,
    "meanResTime" : 310.04,
    "medianResTime" : 202.0,
    "minResTime" : 179.0,
    "maxResTime" : 959.0,
    "pct1ResTime" : 634.4000000000001,
    "pct2ResTime" : 867.1999999999998,
    "pct3ResTime" : 959.0,
    "throughput" : 0.22922741193082835,
    "receivedKBytesPerSec" : 0.22228791020245364,
    "sentKBytesPerSec" : 0.1560268614411986
  },
  "https://opensource-demo.orangehrmlive.com/web/index.php/recruitment/viewJobVacancy-2" : {
    "transaction" : "https://opensource-demo.orangehrmlive.com/web/index.php/recruitment/viewJobVacancy-2",
    "sampleCount" : 25,
    "errorCount" : 0,
    "errorPct" : 0.0,
    "meanResTime" : 330.43999999999994,
    "medianResTime" : 211.0,
    "minResTime" : 188.0,
    "maxResTime" : 959.0,
    "pct1ResTime" : 622.4000000000001,
    "pct2ResTime" : 861.7999999999997,
    "pct3ResTime" : 959.0,
    "throughput" : 0.2290530945073068,
    "receivedKBytesPerSec" : 0.22167150064134866,
    "sentKBytesPerSec" : 0.15322399388428237
  },
  "https://opensource-demo.orangehrmlive.com/web/index.php/leave/viewLeaveModule-2" : {
    "transaction" : "https://opensource-demo.orangehrmlive.com/web/index.php/leave/viewLeaveModule-2",
    "sampleCount" : 25,
    "errorCount" : 0,
    "errorPct" : 0.0,
    "meanResTime" : 259.28,
    "medianResTime" : 213.0,
    "minResTime" : 180.0,
    "maxResTime" : 575.0,
    "pct1ResTime" : 453.6000000000001,
    "pct2ResTime" : 547.4,
    "pct3ResTime" : 575.0,
    "throughput" : 0.3552095025646126,
    "receivedKBytesPerSec" : 0.3437623213296202,
    "sentKBytesPerSec" : 0.23761573169605432
  },
  "https://opensource-demo.orangehrmlive.com/web/index.php/leave/viewLeaveModule-3" : {
    "transaction" : "https://opensource-demo.orangehrmlive.com/web/index.php/leave/viewLeaveModule-3",
    "sampleCount" : 25,
    "errorCount" : 0,
    "errorPct" : 0.0,
    "meanResTime" : 256.96,
    "medianResTime" : 216.0,
    "minResTime" : 180.0,
    "maxResTime" : 595.0,
    "pct1ResTime" : 441.00000000000017,
    "pct2ResTime" : 561.3999999999999,
    "pct3ResTime" : 595.0,
    "throughput" : 0.355108592207497,
    "receivedKBytesPerSec" : 0.34435823443559044,
    "sentKBytesPerSec" : 0.2417096570006108
  },
  "https://opensource-demo.orangehrmlive.com/web/index.php/leave/viewLeaveModule-4" : {
    "transaction" : "https://opensource-demo.orangehrmlive.com/web/index.php/leave/viewLeaveModule-4",
    "sampleCount" : 25,
    "errorCount" : 0,
    "errorPct" : 0.0,
    "meanResTime" : 244.92000000000004,
    "medianResTime" : 209.0,
    "minResTime" : 192.0,
    "maxResTime" : 485.0,
    "pct1ResTime" : 418.80000000000007,
    "pct2ResTime" : 471.79999999999995,
    "pct3ResTime" : 485.0,
    "throughput" : 0.3571479592565608,
    "receivedKBytesPerSec" : 0.3463358628337548,
    "sentKBytesPerSec" : 0.23961000782154032
  },
  "https://opensource-demo.orangehrmlive.com/web/index.php/leave/viewLeaveModule-5" : {
    "transaction" : "https://opensource-demo.orangehrmlive.com/web/index.php/leave/viewLeaveModule-5",
    "sampleCount" : 25,
    "errorCount" : 0,
    "errorPct" : 0.0,
    "meanResTime" : 256.08,
    "medianResTime" : 210.0,
    "minResTime" : 179.0,
    "maxResTime" : 598.0,
    "pct1ResTime" : 435.6000000000002,
    "pct2ResTime" : 563.4999999999999,
    "pct3ResTime" : 598.0,
    "throughput" : 0.35509346059882957,
    "receivedKBytesPerSec" : 0.3446903318703483,
    "sentKBytesPerSec" : 0.24135258650076702
  },
  "https://opensource-demo.orangehrmlive.com/web/index.php/leave/viewLeaveModule-6" : {
    "transaction" : "https://opensource-demo.orangehrmlive.com/web/index.php/leave/viewLeaveModule-6",
    "sampleCount" : 25,
    "errorCount" : 0,
    "errorPct" : 0.0,
    "meanResTime" : 257.68000000000006,
    "medianResTime" : 212.0,
    "minResTime" : 188.0,
    "maxResTime" : 593.0,
    "pct1ResTime" : 447.60000000000014,
    "pct2ResTime" : 559.9999999999999,
    "pct3ResTime" : 593.0,
    "throughput" : 0.35511868066307756,
    "receivedKBytesPerSec" : 0.3447148130655265,
    "sentKBytesPerSec" : 0.23790177239733518
  },
  "Login" : {
    "transaction" : "Login",
    "sampleCount" : 25,
    "errorCount" : 0,
    "errorPct" : 0.0,
    "meanResTime" : 1170.24,
    "medianResTime" : 969.0,
    "minResTime" : 857.0,
    "maxResTime" : 3119.0,
    "pct1ResTime" : 2265.0,
    "pct2ResTime" : 2878.9999999999995,
    "pct3ResTime" : 3119.0,
    "throughput" : 0.5192000166144005,
    "receivedKBytesPerSec" : 5.602005929264189,
    "sentKBytesPerSec" : 2.6289571153766276
  },
  "https://opensource-demo.orangehrmlive.com/web/index.php/dashboard/index-0" : {
    "transaction" : "https://opensource-demo.orangehrmlive.com/web/index.php/dashboard/index-0",
    "sampleCount" : 25,
    "errorCount" : 0,
    "errorPct" : 0.0,
    "meanResTime" : 474.84,
    "medianResTime" : 331.0,
    "minResTime" : 276.0,
    "maxResTime" : 1050.0,
    "pct1ResTime" : 871.0000000000002,
    "pct2ResTime" : 1020.5999999999999,
    "pct3ResTime" : 1050.0,
    "throughput" : 0.20411995721645698,
    "receivedKBytesPerSec" : 0.32691086897948185,
    "sentKBytesPerSec" : 0.11840552205720258
  },
  "MyInfo" : {
    "transaction" : "MyInfo",
    "sampleCount" : 25,
    "errorCount" : 0,
    "errorPct" : 0.0,
    "meanResTime" : 1574.5199999999998,
    "medianResTime" : 1397.0,
    "minResTime" : 1145.0,
    "maxResTime" : 2523.0,
    "pct1ResTime" : 2421.6000000000004,
    "pct2ResTime" : 2506.8,
    "pct3ResTime" : 2523.0,
    "throughput" : 0.2018179763307877,
    "receivedKBytesPerSec" : 2.358771248910183,
    "sentKBytesPerSec" : 1.0291928441400133
  },
  "https://opensource-demo.orangehrmlive.com/web/index.php/pim/viewMyDetails-6" : {
    "transaction" : "https://opensource-demo.orangehrmlive.com/web/index.php/pim/viewMyDetails-6",
    "sampleCount" : 25,
    "errorCount" : 0,
    "errorPct" : 0.0,
    "meanResTime" : 375.64,
    "medianResTime" : 242.0,
    "minResTime" : 188.0,
    "maxResTime" : 939.0,
    "pct1ResTime" : 783.2000000000003,
    "pct2ResTime" : 916.1999999999999,
    "pct3ResTime" : 939.0,
    "throughput" : 0.20304568527918782,
    "receivedKBytesPerSec" : 0.1970970812182741,
    "sentKBytesPerSec" : 0.1360247461928934
  },
  "https://opensource-demo.orangehrmlive.com/web/index.php/pim/viewMyDetails-4" : {
    "transaction" : "https://opensource-demo.orangehrmlive.com/web/index.php/pim/viewMyDetails-4",
    "sampleCount" : 25,
    "errorCount" : 0,
    "errorPct" : 0.0,
    "meanResTime" : 372.28000000000003,
    "medianResTime" : 242.0,
    "minResTime" : 188.0,
    "maxResTime" : 939.0,
    "pct1ResTime" : 774.8000000000003,
    "pct2ResTime" : 916.1999999999999,
    "pct3ResTime" : 939.0,
    "throughput" : 0.20304568527918782,
    "receivedKBytesPerSec" : 0.19689879441624367,
    "sentKBytesPerSec" : 0.13622303299492386
  },
  "https://opensource-demo.orangehrmlive.com/web/index.php/pim/viewMyDetails-5" : {
    "transaction" : "https://opensource-demo.orangehrmlive.com/web/index.php/pim/viewMyDetails-5",
    "sampleCount" : 25,
    "errorCount" : 0,
    "errorPct" : 0.0,
    "meanResTime" : 339.8,
    "medianResTime" : 242.0,
    "minResTime" : 187.0,
    "maxResTime" : 939.0,
    "pct1ResTime" : 743.6000000000004,
    "pct2ResTime" : 916.1999999999999,
    "pct3ResTime" : 939.0,
    "throughput" : 0.20304568527918782,
    "receivedKBytesPerSec" : 0.1970970812182741,
    "sentKBytesPerSec" : 0.13800761421319796
  },
  "https://opensource-demo.orangehrmlive.com/web/index.php/pim/viewMyDetails-2" : {
    "transaction" : "https://opensource-demo.orangehrmlive.com/web/index.php/pim/viewMyDetails-2",
    "sampleCount" : 25,
    "errorCount" : 0,
    "errorPct" : 0.0,
    "meanResTime" : 341.08000000000004,
    "medianResTime" : 216.0,
    "minResTime" : 184.0,
    "maxResTime" : 939.0,
    "pct1ResTime" : 781.4000000000003,
    "pct2ResTime" : 916.1999999999999,
    "pct3ResTime" : 939.0,
    "throughput" : 0.20304568527918782,
    "receivedKBytesPerSec" : 0.19650222081218274,
    "sentKBytesPerSec" : 0.13582645939086294
  },
  "https://opensource-demo.orangehrmlive.com/web/index.php/pim/viewMyDetails-3" : {
    "transaction" : "https://opensource-demo.orangehrmlive.com/web/index.php/pim/viewMyDetails-3",
    "sampleCount" : 25,
    "errorCount" : 0,
    "errorPct" : 0.0,
    "meanResTime" : 317.1200000000001,
    "medianResTime" : 220.0,
    "minResTime" : 188.0,
    "maxResTime" : 723.0,
    "pct1ResTime" : 662.8,
    "pct2ResTime" : 705.3,
    "pct3ResTime" : 723.0,
    "throughput" : 0.20304568527918782,
    "receivedKBytesPerSec" : 0.19689879441624367,
    "sentKBytesPerSec" : 0.13820590101522842
  },
  "https://opensource-demo.orangehrmlive.com/web/index.php/leave/applyLeave-0" : {
    "transaction" : "https://opensource-demo.orangehrmlive.com/web/index.php/leave/applyLeave-0",
    "sampleCount" : 50,
    "errorCount" : 0,
    "errorPct" : 0.0,
    "meanResTime" : 452.2,
    "medianResTime" : 318.0,
    "minResTime" : 280.0,
    "maxResTime" : 1220.0,
    "pct1ResTime" : 781.5999999999999,
    "pct2ResTime" : 848.1999999999998,
    "pct3ResTime" : 1220.0,
    "throughput" : 0.5084711290092948,
    "receivedKBytesPerSec" : 0.8143482925539488,
    "sentKBytesPerSec" : 0.295449532969268
  },
  "https://opensource-demo.orangehrmlive.com/web/index.php/leave/viewMyLeaveList" : {
    "transaction" : "https://opensource-demo.orangehrmlive.com/web/index.php/leave/viewMyLeaveList",
    "sampleCount" : 25,
    "errorCount" : 0,
    "errorPct" : 0.0,
    "meanResTime" : 1188.12,
    "medianResTime" : 946.0,
    "minResTime" : 818.0,
    "maxResTime" : 3182.0,
    "pct1ResTime" : 1829.8000000000002,
    "pct2ResTime" : 2791.099999999999,
    "pct3ResTime" : 3182.0,
    "throughput" : 0.27208811301451863,
    "receivedKBytesPerSec" : 2.900788766434122,
    "sentKBytesPerSec" : 1.2328992620970374
  },
  "https://opensource-demo.orangehrmlive.com/web/index.php/leave/viewLeaveModule" : {
    "transaction" : "https://opensource-demo.orangehrmlive.com/web/index.php/leave/viewLeaveModule",
    "sampleCount" : 25,
    "errorCount" : 0,
    "errorPct" : 0.0,
    "meanResTime" : 1034.32,
    "medianResTime" : 936.0,
    "minResTime" : 834.0,
    "maxResTime" : 2249.0,
    "pct1ResTime" : 1478.0000000000005,
    "pct2ResTime" : 2055.4999999999995,
    "pct3ResTime" : 2249.0,
    "throughput" : 0.3516273312892064,
    "receivedKBytesPerSec" : 3.749034123674365,
    "sentKBytesPerSec" : 1.5933113449042167
  },
  "https://opensource-demo.orangehrmlive.com/web/index.php/leave/viewLeaveModule-0" : {
    "transaction" : "https://opensource-demo.orangehrmlive.com/web/index.php/leave/viewLeaveModule-0",
    "sampleCount" : 25,
    "errorCount" : 0,
    "errorPct" : 0.0,
    "meanResTime" : 349.12000000000006,
    "medianResTime" : 312.0,
    "minResTime" : 276.0,
    "maxResTime" : 661.0,
    "pct1ResTime" : 517.4,
    "pct2ResTime" : 618.9999999999999,
    "pct3ResTime" : 661.0,
    "throughput" : 0.3563537880407669,
    "receivedKBytesPerSec" : 0.5707228636590407,
    "sentKBytesPerSec" : 0.20880104768013683
  },
  "https://opensource-demo.orangehrmlive.com/web/index.php/leave/viewLeaveModule-1" : {
    "transaction" : "https://opensource-demo.orangehrmlive.com/web/index.php/leave/viewLeaveModule-1",
    "sampleCount" : 25,
    "errorCount" : 0,
    "errorPct" : 0.0,
    "meanResTime" : 417.12,
    "medianResTime" : 383.0,
    "minResTime" : 344.0,
    "maxResTime" : 1292.0,
    "pct1ResTime" : 418.40000000000003,
    "pct2ResTime" : 1031.8999999999994,
    "pct3ResTime" : 1292.0,
    "throughput" : 0.35613550243596687,
    "receivedKBytesPerSec" : 1.4999564846932962,
    "sentKBytesPerSec" : 0.20484747161600048
  },
  "https://opensource-demo.orangehrmlive.com/web/index.php/recruitment/viewJobVacancy" : {
    "transaction" : "https://opensource-demo.orangehrmlive.com/web/index.php/recruitment/viewJobVacancy",
    "sampleCount" : 25,
    "errorCount" : 0,
    "errorPct" : 0.0,
    "meanResTime" : 1236.88,
    "medianResTime" : 1042.0,
    "minResTime" : 841.0,
    "maxResTime" : 2205.0,
    "pct1ResTime" : 1966.8,
    "pct2ResTime" : 2133.8999999999996,
    "pct3ResTime" : 2205.0,
    "throughput" : 0.22731405710129116,
    "receivedKBytesPerSec" : 2.4232388843426076,
    "sentKBytesPerSec" : 1.0311267531596653
  },
  "https://opensource-demo.orangehrmlive.com/web/index.php/leave/applyLeave" : {
    "transaction" : "https://opensource-demo.orangehrmlive.com/web/index.php/leave/applyLeave",
    "sampleCount" : 50,
    "errorCount" : 0,
    "errorPct" : 0.0,
    "meanResTime" : 1319.38,
    "medianResTime" : 1173.5,
    "minResTime" : 869.0,
    "maxResTime" : 3020.0,
    "pct1ResTime" : 1887.8,
    "pct2ResTime" : 2388.749999999996,
    "pct3ResTime" : 3020.0,
    "throughput" : 0.505510059650187,
    "receivedKBytesPerSec" : 5.389635701016076,
    "sentKBytesPerSec" : 2.2881241469517746
  },
  "Leave" : {
    "transaction" : "Leave",
    "sampleCount" : 25,
    "errorCount" : 0,
    "errorPct" : 0.0,
    "meanResTime" : 3231.1199999999994,
    "medianResTime" : 3222.0,
    "minResTime" : 2447.0,
    "maxResTime" : 5361.0,
    "pct1ResTime" : 4281.200000000001,
    "pct2ResTime" : 5124.9,
    "pct3ResTime" : 5361.0,
    "throughput" : 0.514011966198573,
    "receivedKBytesPerSec" : 12.015812774996402,
    "sentKBytesPerSec" : 5.244026377809075
  },
  "https://opensource-demo.orangehrmlive.com/web/index.php/pim/viewMyDetails" : {
    "transaction" : "https://opensource-demo.orangehrmlive.com/web/index.php/pim/viewMyDetails",
    "sampleCount" : 25,
    "errorCount" : 0,
    "errorPct" : 0.0,
    "meanResTime" : 1222.64,
    "medianResTime" : 1060.0,
    "minResTime" : 828.0,
    "maxResTime" : 2198.0,
    "pct1ResTime" : 2046.8000000000004,
    "pct2ResTime" : 2181.8,
    "pct3ResTime" : 2198.0,
    "throughput" : 0.20195329224257014,
    "receivedKBytesPerSec" : 2.1528773169091453,
    "sentKBytesPerSec" : 0.9143119754263235
  },
  "https://opensource-demo.orangehrmlive.com/web/index.php/leave/viewMyLeaveList-3" : {
    "transaction" : "https://opensource-demo.orangehrmlive.com/web/index.php/leave/viewMyLeaveList-3",
    "sampleCount" : 25,
    "errorCount" : 0,
    "errorPct" : 0.0,
    "meanResTime" : 298.52000000000004,
    "medianResTime" : 208.0,
    "minResTime" : 191.0,
    "maxResTime" : 620.0,
    "pct1ResTime" : 599.8000000000001,
    "pct2ResTime" : 616.1,
    "pct3ResTime" : 620.0,
    "throughput" : 0.27998969637917326,
    "receivedKBytesPerSec" : 0.2715134458051944,
    "sentKBytesPerSec" : 0.1905789241955896
  },
  "https://opensource-demo.orangehrmlive.com/web/index.php/leave/viewMyLeaveList-2" : {
    "transaction" : "https://opensource-demo.orangehrmlive.com/web/index.php/leave/viewMyLeaveList-2",
    "sampleCount" : 25,
    "errorCount" : 0,
    "errorPct" : 0.0,
    "meanResTime" : 286.28000000000003,
    "medianResTime" : 214.0,
    "minResTime" : 186.0,
    "maxResTime" : 622.0,
    "pct1ResTime" : 603.4000000000001,
    "pct2ResTime" : 620.2,
    "pct3ResTime" : 622.0,
    "throughput" : 0.27998969637917326,
    "receivedKBytesPerSec" : 0.2709665909294538,
    "sentKBytesPerSec" : 0.18729779494114615
  },
  "Homepage" : {
    "transaction" : "Homepage",
    "sampleCount" : 25,
    "errorCount" : 0,
    "errorPct" : 0.0,
    "meanResTime" : 5577.560000000001,
    "medianResTime" : 5131.0,
    "minResTime" : 3710.0,
    "maxResTime" : 11847.0,
    "pct1ResTime" : 8967.800000000008,
    "pct2ResTime" : 11732.4,
    "pct3ResTime" : 11847.0,
    "throughput" : 0.7672712764324955,
    "receivedKBytesPerSec" : 2726.4241214264343,
    "sentKBytesPerSec" : 3.0428600132737933
  },
  "https://opensource-demo.orangehrmlive.com/web/index.php/leave/viewMyLeaveList-1" : {
    "transaction" : "https://opensource-demo.orangehrmlive.com/web/index.php/leave/viewMyLeaveList-1",
    "sampleCount" : 25,
    "errorCount" : 0,
    "errorPct" : 0.0,
    "meanResTime" : 415.32,
    "medianResTime" : 365.0,
    "minResTime" : 329.0,
    "maxResTime" : 1232.0,
    "pct1ResTime" : 468.20000000000005,
    "pct2ResTime" : 1008.7999999999995,
    "pct3ResTime" : 1232.0,
    "throughput" : 0.2780094523213789,
    "receivedKBytesPerSec" : 1.1707021476230193,
    "sentKBytesPerSec" : 0.15990973380594942
  },
  "https://opensource-demo.orangehrmlive.com/web/index.php/leave/viewMyLeaveList-0" : {
    "transaction" : "https://opensource-demo.orangehrmlive.com/web/index.php/leave/viewMyLeaveList-0",
    "sampleCount" : 25,
    "errorCount" : 0,
    "errorPct" : 0.0,
    "meanResTime" : 442.36,
    "medianResTime" : 309.0,
    "minResTime" : 277.0,
    "maxResTime" : 1328.0,
    "pct1ResTime" : 842.0,
    "pct2ResTime" : 1184.8999999999996,
    "pct3ResTime" : 1328.0,
    "throughput" : 0.275085001265391,
    "receivedKBytesPerSec" : 0.4405658223391028,
    "sentKBytesPerSec" : 0.16118261792894004
  },
  "https://opensource-demo.orangehrmlive.com/web/index.php/leave/viewMyLeaveList-6" : {
    "transaction" : "https://opensource-demo.orangehrmlive.com/web/index.php/leave/viewMyLeaveList-6",
    "sampleCount" : 25,
    "errorCount" : 0,
    "errorPct" : 0.0,
    "meanResTime" : 300.28000000000003,
    "medianResTime" : 208.0,
    "minResTime" : 186.0,
    "maxResTime" : 615.0,
    "pct1ResTime" : 608.2,
    "pct2ResTime" : 613.5,
    "pct3ResTime" : 615.0,
    "throughput" : 0.27998969637917326,
    "receivedKBytesPerSec" : 0.27178687324306466,
    "sentKBytesPerSec" : 0.18757122237901644
  },
  "https://opensource-demo.orangehrmlive.com/web/index.php/leave/viewMyLeaveList-5" : {
    "transaction" : "https://opensource-demo.orangehrmlive.com/web/index.php/leave/viewMyLeaveList-5",
    "sampleCount" : 25,
    "errorCount" : 0,
    "errorPct" : 0.0,
    "meanResTime" : 285.72,
    "medianResTime" : 207.0,
    "minResTime" : 186.0,
    "maxResTime" : 677.0,
    "pct1ResTime" : 610.6,
    "pct2ResTime" : 658.6999999999999,
    "pct3ResTime" : 677.0,
    "throughput" : 0.281224338279132,
    "receivedKBytesPerSec" : 0.2729853439936106,
    "sentKBytesPerSec" : 0.19114466742409755
  },
  "https://opensource-demo.orangehrmlive.com/web/index.php/leave/viewMyLeaveList-4" : {
    "transaction" : "https://opensource-demo.orangehrmlive.com/web/index.php/leave/viewMyLeaveList-4",
    "sampleCount" : 25,
    "errorCount" : 0,
    "errorPct" : 0.0,
    "meanResTime" : 317.71999999999997,
    "medianResTime" : 211.0,
    "minResTime" : 189.0,
    "maxResTime" : 628.0,
    "pct1ResTime" : 610.2,
    "pct2ResTime" : 624.1,
    "pct3ResTime" : 628.0,
    "throughput" : 0.27988625422628244,
    "receivedKBytesPerSec" : 0.27141313520185395,
    "sentKBytesPerSec" : 0.18777525063814066
  },
  "Debug Sampler" : {
    "transaction" : "Debug Sampler",
    "sampleCount" : 25,
    "errorCount" : 0,
    "errorPct" : 0.0,
    "meanResTime" : 0.12000000000000002,
    "medianResTime" : 0.0,
    "minResTime" : 0.0,
    "maxResTime" : 2.0,
    "pct1ResTime" : 0.40000000000000213,
    "pct2ResTime" : 1.6999999999999993,
    "pct3ResTime" : 2.0,
    "throughput" : 0.20332642023504535,
    "receivedKBytesPerSec" : 0.15631512799398153,
    "sentKBytesPerSec" : 0.0
  },
  "Total" : {
    "transaction" : "Total",
    "sampleCount" : 2250,
    "errorCount" : 0,
    "errorPct" : 0.0,
    "meanResTime" : 629.5617777777778,
    "medianResTime" : 344.0,
    "minResTime" : 0.0,
    "maxResTime" : 11847.0,
    "pct1ResTime" : 1174.7000000000003,
    "pct2ResTime" : 2140.699999999999,
    "pct3ResTime" : 4273.729999999983,
    "throughput" : 8.420942322159055,
    "receivedKBytesPerSec" : 692.4821094448822,
    "sentKBytesPerSec" : 8.948804559519221
  }
}