{
  "https://opensource-demo.orangehrmlive.com/web/index.php/leave/applyLeave-6" : {
    "transaction" : "https://opensource-demo.orangehrmlive.com/web/index.php/leave/applyLeave-6",
    "sampleCount" : 20,
    "errorCount" : 0,
    "errorPct" : 0.0,
    "meanResTime" : 459.1500000000001,
    "medianResTime" : 322.5,
    "minResTime" : 190.0,
    "maxResTime" : 985.0,
    "pct1ResTime" : 913.5000000000001,
    "pct2ResTime" : 981.8,
    "pct3ResTime" : 985.0,
    "throughput" : 0.22017459845657605,
    "receivedKBytesPerSec" : 0.21372417076741856,
    "sentKBytesPerSec" : 0.14749977982540155
  },
  "https://opensource-demo.orangehrmlive.com/web/index.php/leave/applyLeave-5" : {
    "transaction" : "https://opensource-demo.orangehrmlive.com/web/index.php/leave/applyLeave-5",
    "sampleCount" : 20,
    "errorCount" : 0,
    "errorPct" : 0.0,
    "meanResTime" : 426.05,
    "medianResTime" : 303.5,
    "minResTime" : 191.0,
    "maxResTime" : 985.0,
    "pct1ResTime" : 845.3000000000001,
    "pct2ResTime" : 978.05,
    "pct3ResTime" : 985.0,
    "throughput" : 0.22192878305351815,
    "receivedKBytesPerSec" : 0.21542696323749708,
    "sentKBytesPerSec" : 0.1508422197316881
  },
  "https://opensource-demo.orangehrmlive.com/web/index.php/leave/applyLeave-4" : {
    "transaction" : "https://opensource-demo.orangehrmlive.com/web/index.php/leave/applyLeave-4",
    "sampleCount" : 20,
    "errorCount" : 0,
    "errorPct" : 0.0,
    "meanResTime" : 483.29999999999995,
    "medianResTime" : 364.0,
    "minResTime" : 195.0,
    "maxResTime" : 985.0,
    "pct1ResTime" : 913.6000000000001,
    "pct2ResTime" : 981.8,
    "pct3ResTime" : 985.0,
    "throughput" : 0.22017459845657605,
    "receivedKBytesPerSec" : 0.2135091565111133,
    "sentKBytesPerSec" : 0.1477147940817068
  },
  "https://opensource-demo.orangehrmlive.com/web/index.php/leave/applyLeave-3" : {
    "transaction" : "https://opensource-demo.orangehrmlive.com/web/index.php/leave/applyLeave-3",
    "sampleCount" : 20,
    "errorCount" : 0,
    "errorPct" : 0.0,
    "meanResTime" : 488.6,
    "medianResTime" : 364.0,
    "minResTime" : 195.0,
    "maxResTime" : 985.0,
    "pct1ResTime" : 913.5000000000001,
    "pct2ResTime" : 981.8,
    "pct3ResTime" : 985.0,
    "throughput" : 0.22017459845657605,
    "receivedKBytesPerSec" : 0.2135091565111133,
    "sentKBytesPerSec" : 0.14986493664475928
  },
  "https://opensource-demo.orangehrmlive.com/web/index.php/leave/applyLeave-2" : {
    "transaction" : "https://opensource-demo.orangehrmlive.com/web/index.php/leave/applyLeave-2",
    "sampleCount" : 20,
    "errorCount" : 0,
    "errorPct" : 0.0,
    "meanResTime" : 366.00000000000006,
    "medianResTime" : 268.5,
    "minResTime" : 195.0,
    "maxResTime" : 921.0,
    "pct1ResTime" : 832.0000000000001,
    "pct2ResTime" : 916.9,
    "pct3ResTime" : 921.0,
    "throughput" : 0.22017459845657605,
    "receivedKBytesPerSec" : 0.21307912799850282,
    "sentKBytesPerSec" : 0.14728476556909628
  },
  "https://opensource-demo.orangehrmlive.com/web/index.php/leave/applyLeave-1" : {
    "transaction" : "https://opensource-demo.orangehrmlive.com/web/index.php/leave/applyLeave-1",
    "sampleCount" : 20,
    "errorCount" : 0,
    "errorPct" : 0.0,
    "meanResTime" : 470.85,
    "medianResTime" : 385.5,
    "minResTime" : 337.0,
    "maxResTime" : 1384.0,
    "pct1ResTime" : 619.6,
    "pct2ResTime" : 1345.7999999999995,
    "pct3ResTime" : 1384.0,
    "throughput" : 0.22154773245895829,
    "receivedKBytesPerSec" : 0.9330751032966302,
    "sentKBytesPerSec" : 0.1274332172053969
  },
  "https://opensource-demo.orangehrmlive.com/web/index.php/recruitment/viewRecruitmentModule-0" : {
    "transaction" : "https://opensource-demo.orangehrmlive.com/web/index.php/recruitment/viewRecruitmentModule-0",
    "sampleCount" : 10,
    "errorCount" : 0,
    "errorPct" : 0.0,
    "meanResTime" : 839.0,
    "medianResTime" : 855.0,
    "minResTime" : 306.0,
    "maxResTime" : 1285.0,
    "pct1ResTime" : 1282.5,
    "pct2ResTime" : 1285.0,
    "pct3ResTime" : 1285.0,
    "throughput" : 0.08479318941102651,
    "receivedKBytesPerSec" : 0.13580159241609716,
    "sentKBytesPerSec" : 0.05067717960893381
  },
  "https://opensource-demo.orangehrmlive.com/web/index.php/pim/viewMyDetails-0" : {
    "transaction" : "https://opensource-demo.orangehrmlive.com/web/index.php/pim/viewMyDetails-0",
    "sampleCount" : 10,
    "errorCount" : 0,
    "errorPct" : 0.0,
    "meanResTime" : 558.4,
    "medianResTime" : 520.0,
    "minResTime" : 292.0,
    "maxResTime" : 1252.0,
    "pct1ResTime" : 1196.9,
    "pct2ResTime" : 1252.0,
    "pct3ResTime" : 1252.0,
    "throughput" : 0.08941344778254649,
    "receivedKBytesPerSec" : 0.14320122496423462,
    "sentKBytesPerSec" : 0.052041420779685266
  },
  "https://opensource-demo.orangehrmlive.com/web/index.php/recruitment/viewRecruitmentModule-1" : {
    "transaction" : "https://opensource-demo.orangehrmlive.com/web/index.php/recruitment/viewRecruitmentModule-1",
    "sampleCount" : 10,
    "errorCount" : 0,
    "errorPct" : 0.0,
    "meanResTime" : 477.29999999999995,
    "medianResTime" : 470.5,
    "minResTime" : 368.0,
    "maxResTime" : 676.0,
    "pct1ResTime" : 668.3000000000001,
    "pct2ResTime" : 676.0,
    "pct3ResTime" : 676.0,
    "throughput" : 0.0847486355469677,
    "receivedKBytesPerSec" : 0.35700362724160145,
    "sentKBytesPerSec" : 0.04874701790738669
  },
  "Dashboard" : {
    "transaction" : "Dashboard",
    "sampleCount" : 10,
    "errorCount" : 0,
    "errorPct" : 0.0,
    "meanResTime" : 2089.4,
    "medianResTime" : 1794.0,
    "minResTime" : 1206.0,
    "maxResTime" : 4252.0,
    "pct1ResTime" : 4107.200000000001,
    "pct2ResTime" : 4252.0,
    "pct3ResTime" : 4252.0,
    "throughput" : 0.08692175303791527,
    "receivedKBytesPerSec" : 1.0159828731550857,
    "sentKBytesPerSec" : 0.44309721763468524
  },
  "https://opensource-demo.orangehrmlive.com/web/index.php/pim/viewMyDetails-1" : {
    "transaction" : "https://opensource-demo.orangehrmlive.com/web/index.php/pim/viewMyDetails-1",
    "sampleCount" : 10,
    "errorCount" : 0,
    "errorPct" : 0.0,
    "meanResTime" : 442.2,
    "medianResTime" : 407.5,
    "minResTime" : 365.0,
    "maxResTime" : 707.0,
    "pct1ResTime" : 687.2,
    "pct2ResTime" : 707.0,
    "pct3ResTime" : 707.0,
    "throughput" : 0.08938387693627824,
    "receivedKBytesPerSec" : 0.37676526173833763,
    "sentKBytesPerSec" : 0.051413187026824105
  },
  "https://opensource-demo.orangehrmlive.com/web/index.php/recruitment/viewRecruitmentModule-2" : {
    "transaction" : "https://opensource-demo.orangehrmlive.com/web/index.php/recruitment/viewRecruitmentModule-2",
    "sampleCount" : 10,
    "errorCount" : 0,
    "errorPct" : 0.0,
    "meanResTime" : 811.6,
    "medianResTime" : 701.5,
    "minResTime" : 285.0,
    "maxResTime" : 1593.0,
    "pct1ResTime" : 1576.3000000000002,
    "pct2ResTime" : 1593.0,
    "pct3ResTime" : 1593.0,
    "throughput" : 0.08467830711128423,
    "receivedKBytesPerSec" : 0.08194941635476824,
    "sentKBytesPerSec" : 0.056645156612529
  },
  "https://opensource-demo.orangehrmlive.com/web/index.php/recruitment/viewRecruitmentModule-3" : {
    "transaction" : "https://opensource-demo.orangehrmlive.com/web/index.php/recruitment/viewRecruitmentModule-3",
    "sampleCount" : 10,
    "errorCount" : 0,
    "errorPct" : 0.0,
    "meanResTime" : 697.1,
    "medianResTime" : 598.5,
    "minResTime" : 307.0,
    "maxResTime" : 1230.0,
    "pct1ResTime" : 1226.0,
    "pct2ResTime" : 1230.0,
    "pct3ResTime" : 1230.0,
    "throughput" : 0.0846897813309846,
    "receivedKBytesPerSec" : 0.08212593052897237,
    "sentKBytesPerSec" : 0.05764529061298464
  },
  "Login-0" : {
    "transaction" : "Login-0",
    "sampleCount" : 10,
    "errorCount" : 0,
    "errorPct" : 0.0,
    "meanResTime" : 438.3,
    "medianResTime" : 389.0,
    "minResTime" : 326.0,
    "maxResTime" : 722.0,
    "pct1ResTime" : 704.0,
    "pct2ResTime" : 722.0,
    "pct3ResTime" : 722.0,
    "throughput" : 0.23826542768644268,
    "receivedKBytesPerSec" : 0.3815969740290684,
    "sentKBytesPerSec" : 0.19875618000953063
  },
  "https://opensource-demo.orangehrmlive.com/web/index.php/recruitment/viewRecruitmentModule-4" : {
    "transaction" : "https://opensource-demo.orangehrmlive.com/web/index.php/recruitment/viewRecruitmentModule-4",
    "sampleCount" : 10,
    "errorCount" : 0,
    "errorPct" : 0.0,
    "meanResTime" : 766.7,
    "medianResTime" : 602.5,
    "minResTime" : 203.0,
    "maxResTime" : 1615.0,
    "pct1ResTime" : 1582.5,
    "pct2ResTime" : 1615.0,
    "pct3ResTime" : 1615.0,
    "throughput" : 0.08467974121871083,
    "receivedKBytesPerSec" : 0.08211619436541003,
    "sentKBytesPerSec" : 0.05681150607153745
  },
  "Login-1" : {
    "transaction" : "Login-1",
    "sampleCount" : 10,
    "errorCount" : 0,
    "errorPct" : 0.0,
    "meanResTime" : 414.40000000000003,
    "medianResTime" : 377.5,
    "minResTime" : 360.0,
    "maxResTime" : 705.0,
    "pct1ResTime" : 676.8000000000001,
    "pct2ResTime" : 705.0,
    "pct3ResTime" : 705.0,
    "throughput" : 0.2392802450229709,
    "receivedKBytesPerSec" : 1.0395838692213821,
    "sentKBytesPerSec" : 0.1490828089107963
  },
  "https://opensource-demo.orangehrmlive.com/web/index.php/recruitment/viewRecruitmentModule-5" : {
    "transaction" : "https://opensource-demo.orangehrmlive.com/web/index.php/recruitment/viewRecruitmentModule-5",
    "sampleCount" : 10,
    "errorCount" : 0,
    "errorPct" : 0.0,
    "meanResTime" : 772.0,
    "medianResTime" : 669.5,
    "minResTime" : 215.0,
    "maxResTime" : 1594.0,
    "pct1ResTime" : 1558.5,
    "pct2ResTime" : 1594.0,
    "pct3ResTime" : 1594.0,
    "throughput" : 0.0847012586607037,
    "receivedKBytesPerSec" : 0.0822197764733784,
    "sentKBytesPerSec" : 0.05757038674594705
  },
  "Login-2" : {
    "transaction" : "Login-2",
    "sampleCount" : 10,
    "errorCount" : 0,
    "errorPct" : 0.0,
    "meanResTime" : 322.8,
    "medianResTime" : 302.5,
    "minResTime" : 190.0,
    "maxResTime" : 628.0,
    "pct1ResTime" : 607.2,
    "pct2ResTime" : 628.0,
    "pct3ResTime" : 628.0,
    "throughput" : 0.24212488801723928,
    "receivedKBytesPerSec" : 0.2343220351807462,
    "sentKBytesPerSec" : 0.17355436309048206
  },
  "https://opensource-demo.orangehrmlive.com/web/index.php/recruitment/viewRecruitmentModule-6" : {
    "transaction" : "https://opensource-demo.orangehrmlive.com/web/index.php/recruitment/viewRecruitmentModule-6",
    "sampleCount" : 10,
    "errorCount" : 0,
    "errorPct" : 0.0,
    "meanResTime" : 603.5,
    "medianResTime" : 371.0,
    "minResTime" : 204.0,
    "maxResTime" : 1678.0,
    "pct1ResTime" : 1621.5000000000002,
    "pct2ResTime" : 1678.0,
    "pct3ResTime" : 1678.0,
    "throughput" : 0.08495094083166971,
    "receivedKBytesPerSec" : 0.08246214373699189,
    "sentKBytesPerSec" : 0.05691049356496623
  },
  "Login-3" : {
    "transaction" : "Login-3",
    "sampleCount" : 10,
    "errorCount" : 0,
    "errorPct" : 0.0,
    "meanResTime" : 325.1,
    "medianResTime" : 301.5,
    "minResTime" : 201.0,
    "maxResTime" : 640.0,
    "pct1ResTime" : 618.0000000000001,
    "pct2ResTime" : 640.0,
    "pct3ResTime" : 640.0,
    "throughput" : 0.2420545590976206,
    "receivedKBytesPerSec" : 0.23472673553118872,
    "sentKBytesPerSec" : 0.1763405284051025
  },
  "Recruitment" : {
    "transaction" : "Recruitment",
    "sampleCount" : 10,
    "errorCount" : 0,
    "errorPct" : 0.0,
    "meanResTime" : 4405.5,
    "medianResTime" : 4317.5,
    "minResTime" : 2909.0,
    "maxResTime" : 5922.0,
    "pct1ResTime" : 5840.700000000001,
    "pct2ResTime" : 5922.0,
    "pct3ResTime" : 5922.0,
    "throughput" : 0.10582794492713746,
    "receivedKBytesPerSec" : 2.473893568835787,
    "sentKBytesPerSec" : 1.0819460502365255
  },
  "Login-4" : {
    "transaction" : "Login-4",
    "sampleCount" : 10,
    "errorCount" : 0,
    "errorPct" : 0.0,
    "meanResTime" : 322.0,
    "medianResTime" : 301.0,
    "minResTime" : 198.0,
    "maxResTime" : 627.0,
    "pct1ResTime" : 606.3000000000001,
    "pct2ResTime" : 627.0,
    "pct3ResTime" : 627.0,
    "throughput" : 0.24213075060532688,
    "receivedKBytesPerSec" : 0.23480062046004843,
    "sentKBytesPerSec" : 0.1740314769975787
  },
  "https://opensource-demo.orangehrmlive.com/web/index.php/recruitment/viewJobVacancy-5" : {
    "transaction" : "https://opensource-demo.orangehrmlive.com/web/index.php/recruitment/viewJobVacancy-5",
    "sampleCount" : 10,
    "errorCount" : 0,
    "errorPct" : 0.0,
    "meanResTime" : 245.8,
    "medianResTime" : 238.5,
    "minResTime" : 196.0,
    "maxResTime" : 323.0,
    "pct1ResTime" : 321.3,
    "pct2ResTime" : 323.0,
    "pct3ResTime" : 323.0,
    "throughput" : 0.08812280794515236,
    "receivedKBytesPerSec" : 0.08554108505613424,
    "sentKBytesPerSec" : 0.05989597102522075
  },
  "https://opensource-demo.orangehrmlive.com/web/index.php/dashboard/index-5" : {
    "transaction" : "https://opensource-demo.orangehrmlive.com/web/index.php/dashboard/index-5",
    "sampleCount" : 10,
    "errorCount" : 0,
    "errorPct" : 0.0,
    "meanResTime" : 460.40000000000003,
    "medianResTime" : 306.5,
    "minResTime" : 207.0,
    "maxResTime" : 1151.0,
    "pct1ResTime" : 1106.9,
    "pct2ResTime" : 1151.0,
    "pct3ResTime" : 1151.0,
    "throughput" : 0.0822010143605172,
    "receivedKBytesPerSec" : 0.07979278151792393,
    "sentKBytesPerSec" : 0.05587100194816404
  },
  "Login-5" : {
    "transaction" : "Login-5",
    "sampleCount" : 10,
    "errorCount" : 0,
    "errorPct" : 0.0,
    "meanResTime" : 322.4,
    "medianResTime" : 301.5,
    "minResTime" : 188.0,
    "maxResTime" : 623.0,
    "pct1ResTime" : 602.7,
    "pct2ResTime" : 623.0,
    "pct3ResTime" : 623.0,
    "throughput" : 0.242142476633251,
    "receivedKBytesPerSec" : 0.2350484587631362,
    "sentKBytesPerSec" : 0.17616811044118358
  },
  "https://opensource-demo.orangehrmlive.com/web/index.php/recruitment/viewRecruitmentModule" : {
    "transaction" : "https://opensource-demo.orangehrmlive.com/web/index.php/recruitment/viewRecruitmentModule",
    "sampleCount" : 10,
    "errorCount" : 0,
    "errorPct" : 0.0,
    "meanResTime" : 2285.6,
    "medianResTime" : 2042.5,
    "minResTime" : 1188.0,
    "maxResTime" : 3490.0,
    "pct1ResTime" : 3469.1,
    "pct2ResTime" : 3490.0,
    "pct3ResTime" : 3490.0,
    "throughput" : 0.08411277841329655,
    "receivedKBytesPerSec" : 0.8968689281088082,
    "sentKBytesPerSec" : 0.38212172380728077
  },
  "https://opensource-demo.orangehrmlive.com/web/index.php/recruitment/viewJobVacancy-4" : {
    "transaction" : "https://opensource-demo.orangehrmlive.com/web/index.php/recruitment/viewJobVacancy-4",
    "sampleCount" : 10,
    "errorCount" : 0,
    "errorPct" : 0.0,
    "meanResTime" : 311.9,
    "medianResTime" : 245.0,
    "minResTime" : 191.0,
    "maxResTime" : 922.0,
    "pct1ResTime" : 862.1000000000003,
    "pct2ResTime" : 922.0,
    "pct3ResTime" : 922.0,
    "throughput" : 0.08812280794515236,
    "receivedKBytesPerSec" : 0.0854550276265003,
    "sentKBytesPerSec" : 0.05912145415851531
  },
  "https://opensource-demo.orangehrmlive.com/web/index.php/dashboard/index-6" : {
    "transaction" : "https://opensource-demo.orangehrmlive.com/web/index.php/dashboard/index-6",
    "sampleCount" : 10,
    "errorCount" : 0,
    "errorPct" : 0.0,
    "meanResTime" : 514.7,
    "medianResTime" : 306.5,
    "minResTime" : 200.0,
    "maxResTime" : 1202.0,
    "pct1ResTime" : 1196.9,
    "pct2ResTime" : 1202.0,
    "pct3ResTime" : 1202.0,
    "throughput" : 0.0822010143605172,
    "receivedKBytesPerSec" : 0.07979278151792393,
    "sentKBytesPerSec" : 0.055068257667299614
  },
  "Login-6" : {
    "transaction" : "Login-6",
    "sampleCount" : 10,
    "errorCount" : 0,
    "errorPct" : 0.0,
    "meanResTime" : 322.79999999999995,
    "medianResTime" : 302.0,
    "minResTime" : 190.0,
    "maxResTime" : 625.0,
    "pct1ResTime" : 604.5000000000001,
    "pct2ResTime" : 625.0,
    "pct3ResTime" : 625.0,
    "throughput" : 0.2420545590976206,
    "receivedKBytesPerSec" : 0.2349631169365575,
    "sentKBytesPerSec" : 0.17374033294604602
  },
  "https://opensource-demo.orangehrmlive.com/web/index.php/dashboard/index" : {
    "transaction" : "https://opensource-demo.orangehrmlive.com/web/index.php/dashboard/index",
    "sampleCount" : 10,
    "errorCount" : 0,
    "errorPct" : 0.0,
    "meanResTime" : 1712.6,
    "medianResTime" : 1425.0,
    "minResTime" : 883.0,
    "maxResTime" : 3828.0,
    "pct1ResTime" : 3683.5000000000005,
    "pct2ResTime" : 3828.0,
    "pct3ResTime" : 3828.0,
    "throughput" : 0.08165931732810713,
    "receivedKBytesPerSec" : 0.8705808274130329,
    "sentKBytesPerSec" : 0.3695403090805161
  },
  "https://opensource-demo.orangehrmlive.com/web/index.php/recruitment/viewJobVacancy-6" : {
    "transaction" : "https://opensource-demo.orangehrmlive.com/web/index.php/recruitment/viewJobVacancy-6",
    "sampleCount" : 10,
    "errorCount" : 0,
    "errorPct" : 0.0,
    "meanResTime" : 310.0,
    "medianResTime" : 244.5,
    "minResTime" : 189.0,
    "maxResTime" : 922.0,
    "pct1ResTime" : 862.1000000000003,
    "pct2ResTime" : 922.0,
    "pct3ResTime" : 922.0,
    "throughput" : 0.08812358451492372,
    "receivedKBytesPerSec" : 0.08554183887483807,
    "sentKBytesPerSec" : 0.05903591696995867
  },
  "https://opensource-demo.orangehrmlive.com/web/index.php/core/i18n/messages" : {
    "transaction" : "https://opensource-demo.orangehrmlive.com/web/index.php/core/i18n/messages",
    "sampleCount" : 90,
    "errorCount" : 0,
    "errorPct" : 0.0,
    "meanResTime" : 498.1777777777779,
    "medianResTime" : 360.5,
    "minResTime" : 305.0,
    "maxResTime" : 2949.0,
    "pct1ResTime" : 905.1000000000004,
    "pct2ResTime" : 1029.0,
    "pct3ResTime" : 2949.0,
    "throughput" : 0.33200408733920855,
    "receivedKBytesPerSec" : 3.7359321913929784,
    "sentKBytesPerSec" : 0.1877249673529314
  },
  "https://opensource-demo.orangehrmlive.com/web/index.php/dashboard/index-1" : {
    "transaction" : "https://opensource-demo.orangehrmlive.com/web/index.php/dashboard/index-1",
    "sampleCount" : 10,
    "errorCount" : 0,
    "errorPct" : 0.0,
    "meanResTime" : 455.29999999999995,
    "medianResTime" : 438.0,
    "minResTime" : 359.0,
    "maxResTime" : 613.0,
    "pct1ResTime" : 607.4,
    "pct2ResTime" : 613.0,
    "pct3ResTime" : 613.0,
    "throughput" : 0.0821051767313929,
    "receivedKBytesPerSec" : 0.34573976764234987,
    "sentKBytesPerSec" : 0.04722651278788127
  },
  "Test" : {
    "transaction" : "Test",
    "sampleCount" : 10,
    "errorCount" : 0,
    "errorPct" : 0.0,
    "meanResTime" : 14992.099999999999,
    "medianResTime" : 14392.0,
    "minResTime" : 9854.0,
    "maxResTime" : 22252.0,
    "pct1ResTime" : 21982.2,
    "pct2ResTime" : 22252.0,
    "pct3ResTime" : 22252.0,
    "throughput" : 0.39599255533995964,
    "receivedKBytesPerSec" : 1448.2462479705382,
    "sentKBytesPerSec" : 3.779021923137845
  },
  "https://opensource-demo.orangehrmlive.com/web/index.php/dashboard/index-2" : {
    "transaction" : "https://opensource-demo.orangehrmlive.com/web/index.php/dashboard/index-2",
    "sampleCount" : 10,
    "errorCount" : 0,
    "errorPct" : 0.0,
    "meanResTime" : 517.3,
    "medianResTime" : 307.0,
    "minResTime" : 207.0,
    "maxResTime" : 1253.0,
    "pct1ResTime" : 1243.2,
    "pct2ResTime" : 1253.0,
    "pct3ResTime" : 1253.0,
    "throughput" : 0.0822010143605172,
    "receivedKBytesPerSec" : 0.0795519582336646,
    "sentKBytesPerSec" : 0.05498798323921317
  },
  "https://opensource-demo.orangehrmlive.com/web/index.php/dashboard/index-3" : {
    "transaction" : "https://opensource-demo.orangehrmlive.com/web/index.php/dashboard/index-3",
    "sampleCount" : 10,
    "errorCount" : 0,
    "errorPct" : 0.0,
    "meanResTime" : 568.8000000000001,
    "medianResTime" : 348.0,
    "minResTime" : 207.0,
    "maxResTime" : 1625.0,
    "pct1ResTime" : 1577.6000000000001,
    "pct2ResTime" : 1625.0,
    "pct3ResTime" : 1625.0,
    "throughput" : 0.0822010143605172,
    "receivedKBytesPerSec" : 0.07971250708983749,
    "sentKBytesPerSec" : 0.05595127637625048
  },
  "https://opensource-demo.orangehrmlive.com/web/index.php/dashboard/index-4" : {
    "transaction" : "https://opensource-demo.orangehrmlive.com/web/index.php/dashboard/index-4",
    "sampleCount" : 10,
    "errorCount" : 0,
    "errorPct" : 0.0,
    "meanResTime" : 515.8,
    "medianResTime" : 348.0,
    "minResTime" : 203.0,
    "maxResTime" : 1625.0,
    "pct1ResTime" : 1532.3000000000002,
    "pct2ResTime" : 1625.0,
    "pct3ResTime" : 1625.0,
    "throughput" : 0.0822010143605172,
    "receivedKBytesPerSec" : 0.07971250708983749,
    "sentKBytesPerSec" : 0.05514853209538605
  },
  "Homepage-6" : {
    "transaction" : "Homepage-6",
    "sampleCount" : 10,
    "errorCount" : 0,
    "errorPct" : 0.0,
    "meanResTime" : 9489.199999999999,
    "medianResTime" : 9476.0,
    "minResTime" : 5593.0,
    "maxResTime" : 18701.0,
    "pct1ResTime" : 18004.800000000003,
    "pct2ResTime" : 18701.0,
    "pct3ResTime" : 18701.0,
    "throughput" : 0.4971908715755978,
    "receivedKBytesPerSec" : 708.7048022423309,
    "sentKBytesPerSec" : 0.28986616243225777
  },
  "Homepage-5" : {
    "transaction" : "Homepage-5",
    "sampleCount" : 10,
    "errorCount" : 0,
    "errorPct" : 0.0,
    "meanResTime" : 8933.5,
    "medianResTime" : 8314.0,
    "minResTime" : 2864.0,
    "maxResTime" : 17323.0,
    "pct1ResTime" : 17165.9,
    "pct2ResTime" : 17323.0,
    "pct3ResTime" : 17323.0,
    "throughput" : 0.5337603416066187,
    "receivedKBytesPerSec" : 604.8969383840406,
    "sentKBytesPerSec" : 0.3163989524953296
  },
  "Homepage-4" : {
    "transaction" : "Homepage-4",
    "sampleCount" : 10,
    "errorCount" : 0,
    "errorPct" : 0.0,
    "meanResTime" : 5187.6,
    "medianResTime" : 3692.5,
    "minResTime" : 2059.0,
    "maxResTime" : 15431.0,
    "pct1ResTime" : 14599.000000000004,
    "pct2ResTime" : 15431.0,
    "pct3ResTime" : 15431.0,
    "throughput" : 0.5937889674009856,
    "receivedKBytesPerSec" : 283.64034851701206,
    "sentKBytesPerSec" : 0.3473433510480375
  },
  "ApplyLeave" : {
    "transaction" : "ApplyLeave",
    "sampleCount" : 10,
    "errorCount" : 0,
    "errorPct" : 0.0,
    "meanResTime" : 3340.2999999999997,
    "medianResTime" : 2966.5,
    "minResTime" : 2547.0,
    "maxResTime" : 4813.0,
    "pct1ResTime" : 4794.2,
    "pct2ResTime" : 4813.0,
    "pct3ResTime" : 4813.0,
    "throughput" : 0.1341363630266529,
    "receivedKBytesPerSec" : 3.1354898827648188,
    "sentKBytesPerSec" : 1.3684790864642995
  },
  "Homepage-3" : {
    "transaction" : "Homepage-3",
    "sampleCount" : 10,
    "errorCount" : 0,
    "errorPct" : 0.0,
    "meanResTime" : 5723.9,
    "medianResTime" : 4077.0,
    "minResTime" : 3482.0,
    "maxResTime" : 15300.0,
    "pct1ResTime" : 14553.300000000003,
    "pct2ResTime" : 15300.0,
    "pct3ResTime" : 15300.0,
    "throughput" : 0.5984440454817475,
    "receivedKBytesPerSec" : 305.2415282764811,
    "sentKBytesPerSec" : 0.3559105700179533
  },
  "Homepage-2" : {
    "transaction" : "Homepage-2",
    "sampleCount" : 10,
    "errorCount" : 0,
    "errorPct" : 0.0,
    "meanResTime" : 890.5999999999999,
    "medianResTime" : 712.5,
    "minResTime" : 240.0,
    "maxResTime" : 2290.0,
    "pct1ResTime" : 2193.6000000000004,
    "pct2ResTime" : 2290.0,
    "pct3ResTime" : 2290.0,
    "throughput" : 1.1721955222131053,
    "receivedKBytesPerSec" : 1.9162649454929082,
    "sentKBytesPerSec" : 0.6856885916070801
  },
  "https://opensource-demo.orangehrmlive.com/web/index.php/recruitment/viewJobVacancy-1" : {
    "transaction" : "https://opensource-demo.orangehrmlive.com/web/index.php/recruitment/viewJobVacancy-1",
    "sampleCount" : 10,
    "errorCount" : 0,
    "errorPct" : 0.0,
    "meanResTime" : 406.59999999999997,
    "medianResTime" : 408.0,
    "minResTime" : 347.0,
    "maxResTime" : 511.0,
    "pct1ResTime" : 505.0,
    "pct2ResTime" : 511.0,
    "pct3ResTime" : 511.0,
    "throughput" : 0.08809098036452047,
    "receivedKBytesPerSec" : 0.37077355993269845,
    "sentKBytesPerSec" : 0.050669518979201716
  },
  "Homepage-1" : {
    "transaction" : "Homepage-1",
    "sampleCount" : 10,
    "errorCount" : 0,
    "errorPct" : 0.0,
    "meanResTime" : 558.8000000000001,
    "medianResTime" : 543.0,
    "minResTime" : 341.0,
    "maxResTime" : 764.0,
    "pct1ResTime" : 761.4,
    "pct2ResTime" : 764.0,
    "pct3ResTime" : 764.0,
    "throughput" : 1.1669973159061733,
    "receivedKBytesPerSec" : 5.032561960263741,
    "sentKBytesPerSec" : 0.6119898033609522
  },
  "https://opensource-demo.orangehrmlive.com/web/index.php/recruitment/viewJobVacancy-0" : {
    "transaction" : "https://opensource-demo.orangehrmlive.com/web/index.php/recruitment/viewJobVacancy-0",
    "sampleCount" : 10,
    "errorCount" : 0,
    "errorPct" : 0.0,
    "meanResTime" : 463.90000000000003,
    "medianResTime" : 411.5,
    "minResTime" : 280.0,
    "maxResTime" : 905.0,
    "pct1ResTime" : 875.2,
    "pct2ResTime" : 905.0,
    "pct3ResTime" : 905.0,
    "throughput" : 0.08806460419363644,
    "receivedKBytesPerSec" : 0.1410409676538709,
    "sentKBytesPerSec" : 0.0520303569698731
  },
  "Homepage-0" : {
    "transaction" : "Homepage-0",
    "sampleCount" : 10,
    "errorCount" : 0,
    "errorPct" : 0.0,
    "meanResTime" : 1718.3000000000002,
    "medianResTime" : 1549.0,
    "minResTime" : 1130.0,
    "maxResTime" : 2423.0,
    "pct1ResTime" : 2408.8,
    "pct2ResTime" : 2423.0,
    "pct3ResTime" : 2423.0,
    "throughput" : 0.9670244657189827,
    "receivedKBytesPerSec" : 0.9953552606130935,
    "sentKBytesPerSec" : 0.4844565926892951
  },
  "https://opensource-demo.orangehrmlive.com/web/index.php/recruitment/viewJobVacancy-3" : {
    "transaction" : "https://opensource-demo.orangehrmlive.com/web/index.php/recruitment/viewJobVacancy-3",
    "sampleCount" : 10,
    "errorCount" : 0,
    "errorPct" : 0.0,
    "meanResTime" : 310.79999999999995,
    "medianResTime" : 245.0,
    "minResTime" : 189.0,
    "maxResTime" : 922.0,
    "pct1ResTime" : 862.1000000000003,
    "pct2ResTime" : 922.0,
    "pct3ResTime" : 922.0,
    "throughput" : 0.08812280794515236,
    "receivedKBytesPerSec" : 0.0854550276265003,
    "sentKBytesPerSec" : 0.05998202845485469
  },
  "https://opensource-demo.orangehrmlive.com/web/index.php/recruitment/viewJobVacancy-2" : {
    "transaction" : "https://opensource-demo.orangehrmlive.com/web/index.php/recruitment/viewJobVacancy-2",
    "sampleCount" : 10,
    "errorCount" : 0,
    "errorPct" : 0.0,
    "meanResTime" : 312.20000000000005,
    "medianResTime" : 244.5,
    "minResTime" : 188.0,
    "maxResTime" : 922.0,
    "pct1ResTime" : 862.1000000000003,
    "pct2ResTime" : 922.0,
    "pct3ResTime" : 922.0,
    "throughput" : 0.08812358451492372,
    "receivedKBytesPerSec" : 0.08528366431082951,
    "sentKBytesPerSec" : 0.05894985878195581
  },
  "https://opensource-demo.orangehrmlive.com/web/index.php/leave/viewLeaveModule-2" : {
    "transaction" : "https://opensource-demo.orangehrmlive.com/web/index.php/leave/viewLeaveModule-2",
    "sampleCount" : 10,
    "errorCount" : 0,
    "errorPct" : 0.0,
    "meanResTime" : 431.4,
    "medianResTime" : 359.5,
    "minResTime" : 199.0,
    "maxResTime" : 798.0,
    "pct1ResTime" : 790.3000000000001,
    "pct2ResTime" : 798.0,
    "pct3ResTime" : 798.0,
    "throughput" : 0.16833316500016834,
    "receivedKBytesPerSec" : 0.1629083657374676,
    "sentKBytesPerSec" : 0.11260568166515167
  },
  "https://opensource-demo.orangehrmlive.com/web/index.php/leave/viewLeaveModule-3" : {
    "transaction" : "https://opensource-demo.orangehrmlive.com/web/index.php/leave/viewLeaveModule-3",
    "sampleCount" : 10,
    "errorCount" : 0,
    "errorPct" : 0.0,
    "meanResTime" : 483.69999999999993,
    "medianResTime" : 359.0,
    "minResTime" : 207.0,
    "maxResTime" : 934.0,
    "pct1ResTime" : 920.8000000000001,
    "pct2ResTime" : 934.0,
    "pct3ResTime" : 934.0,
    "throughput" : 0.16833316500016834,
    "receivedKBytesPerSec" : 0.16323714145035856,
    "sentKBytesPerSec" : 0.11457833594249739
  },
  "https://opensource-demo.orangehrmlive.com/web/index.php/leave/viewLeaveModule-4" : {
    "transaction" : "https://opensource-demo.orangehrmlive.com/web/index.php/leave/viewLeaveModule-4",
    "sampleCount" : 10,
    "errorCount" : 0,
    "errorPct" : 0.0,
    "meanResTime" : 432.1,
    "medianResTime" : 359.0,
    "minResTime" : 194.0,
    "maxResTime" : 802.0,
    "pct1ResTime" : 793.9000000000001,
    "pct2ResTime" : 802.0,
    "pct3ResTime" : 802.0,
    "throughput" : 0.16833316500016834,
    "receivedKBytesPerSec" : 0.16323714145035856,
    "sentKBytesPerSec" : 0.11293445737804263
  },
  "https://opensource-demo.orangehrmlive.com/web/index.php/leave/viewLeaveModule-5" : {
    "transaction" : "https://opensource-demo.orangehrmlive.com/web/index.php/leave/viewLeaveModule-5",
    "sampleCount" : 10,
    "errorCount" : 0,
    "errorPct" : 0.0,
    "meanResTime" : 332.20000000000005,
    "medianResTime" : 297.0,
    "minResTime" : 203.0,
    "maxResTime" : 703.0,
    "pct1ResTime" : 675.7,
    "pct2ResTime" : 703.0,
    "pct3ResTime" : 703.0,
    "throughput" : 0.16979081771257812,
    "receivedKBytesPerSec" : 0.16481647734990493,
    "sentKBytesPerSec" : 0.11540469641401793
  },
  "https://opensource-demo.orangehrmlive.com/web/index.php/leave/viewLeaveModule-6" : {
    "transaction" : "https://opensource-demo.orangehrmlive.com/web/index.php/leave/viewLeaveModule-6",
    "sampleCount" : 10,
    "errorCount" : 0,
    "errorPct" : 0.0,
    "meanResTime" : 431.29999999999995,
    "medianResTime" : 359.0,
    "minResTime" : 203.0,
    "maxResTime" : 792.0,
    "pct1ResTime" : 784.9,
    "pct2ResTime" : 792.0,
    "pct3ResTime" : 792.0,
    "throughput" : 0.16833316500016834,
    "receivedKBytesPerSec" : 0.16340152930680402,
    "sentKBytesPerSec" : 0.11277006952159714
  },
  "Login" : {
    "transaction" : "Login",
    "sampleCount" : 10,
    "errorCount" : 0,
    "errorPct" : 0.0,
    "meanResTime" : 1182.6,
    "medianResTime" : 1077.0,
    "minResTime" : 890.0,
    "maxResTime" : 1894.0,
    "pct1ResTime" : 1858.9,
    "pct2ResTime" : 1894.0,
    "pct3ResTime" : 1894.0,
    "throughput" : 0.2349127299208344,
    "receivedKBytesPerSec" : 2.535841626242101,
    "sentKBytesPerSec" : 1.1902092044680401
  },
  "https://opensource-demo.orangehrmlive.com/web/index.php/dashboard/index-0" : {
    "transaction" : "https://opensource-demo.orangehrmlive.com/web/index.php/dashboard/index-0",
    "sampleCount" : 10,
    "errorCount" : 0,
    "errorPct" : 0.0,
    "meanResTime" : 651.0,
    "medianResTime" : 563.0,
    "minResTime" : 306.0,
    "maxResTime" : 1773.0,
    "pct1ResTime" : 1679.8000000000002,
    "pct2ResTime" : 1773.0,
    "pct3ResTime" : 1773.0,
    "throughput" : 0.08224022369340844,
    "receivedKBytesPerSec" : 0.13171285825897447,
    "sentKBytesPerSec" : 0.04770575475965295
  },
  "MyInfo" : {
    "transaction" : "MyInfo",
    "sampleCount" : 10,
    "errorCount" : 0,
    "errorPct" : 0.0,
    "meanResTime" : 1890.4,
    "medianResTime" : 1775.0,
    "minResTime" : 1241.0,
    "maxResTime" : 3358.0,
    "pct1ResTime" : 3239.6000000000004,
    "pct2ResTime" : 3358.0,
    "pct3ResTime" : 3358.0,
    "throughput" : 0.0818062827225131,
    "receivedKBytesPerSec" : 0.9565343407436192,
    "sentKBytesPerSec" : 0.4171800863056283
  },
  "https://opensource-demo.orangehrmlive.com/web/index.php/pim/viewMyDetails-6" : {
    "transaction" : "https://opensource-demo.orangehrmlive.com/web/index.php/pim/viewMyDetails-6",
    "sampleCount" : 10,
    "errorCount" : 0,
    "errorPct" : 0.0,
    "meanResTime" : 427.8,
    "medianResTime" : 307.0,
    "minResTime" : 207.0,
    "maxResTime" : 1227.0,
    "pct1ResTime" : 1164.6000000000004,
    "pct2ResTime" : 1227.0,
    "pct3ResTime" : 1227.0,
    "throughput" : 0.0894822556687009,
    "receivedKBytesPerSec" : 0.08686070520965693,
    "sentKBytesPerSec" : 0.059946120496805484
  },
  "https://opensource-demo.orangehrmlive.com/web/index.php/pim/viewMyDetails-4" : {
    "transaction" : "https://opensource-demo.orangehrmlive.com/web/index.php/pim/viewMyDetails-4",
    "sampleCount" : 10,
    "errorCount" : 0,
    "errorPct" : 0.0,
    "meanResTime" : 432.09999999999997,
    "medianResTime" : 307.0,
    "minResTime" : 196.0,
    "maxResTime" : 1278.0,
    "pct1ResTime" : 1210.5000000000002,
    "pct2ResTime" : 1278.0,
    "pct3ResTime" : 1278.0,
    "throughput" : 0.0894822556687009,
    "receivedKBytesPerSec" : 0.08677332019435545,
    "sentKBytesPerSec" : 0.06003350551210695
  },
  "https://opensource-demo.orangehrmlive.com/web/index.php/pim/viewMyDetails-5" : {
    "transaction" : "https://opensource-demo.orangehrmlive.com/web/index.php/pim/viewMyDetails-5",
    "sampleCount" : 10,
    "errorCount" : 0,
    "errorPct" : 0.0,
    "meanResTime" : 432.2,
    "medianResTime" : 307.0,
    "minResTime" : 196.0,
    "maxResTime" : 1278.0,
    "pct1ResTime" : 1210.5000000000002,
    "pct2ResTime" : 1278.0,
    "pct3ResTime" : 1278.0,
    "throughput" : 0.0894822556687009,
    "receivedKBytesPerSec" : 0.08686070520965693,
    "sentKBytesPerSec" : 0.060819970649820136
  },
  "https://opensource-demo.orangehrmlive.com/web/index.php/pim/viewMyDetails-2" : {
    "transaction" : "https://opensource-demo.orangehrmlive.com/web/index.php/pim/viewMyDetails-2",
    "sampleCount" : 10,
    "errorCount" : 0,
    "errorPct" : 0.0,
    "meanResTime" : 336.2,
    "medianResTime" : 307.0,
    "minResTime" : 210.0,
    "maxResTime" : 603.0,
    "pct1ResTime" : 586.3000000000001,
    "pct2ResTime" : 603.0,
    "pct3ResTime" : 603.0,
    "throughput" : 0.0894822556687009,
    "receivedKBytesPerSec" : 0.08659855016375252,
    "sentKBytesPerSec" : 0.05985873548150401
  },
  "https://opensource-demo.orangehrmlive.com/web/index.php/pim/viewMyDetails-3" : {
    "transaction" : "https://opensource-demo.orangehrmlive.com/web/index.php/pim/viewMyDetails-3",
    "sampleCount" : 10,
    "errorCount" : 0,
    "errorPct" : 0.0,
    "meanResTime" : 427.09999999999997,
    "medianResTime" : 307.0,
    "minResTime" : 202.0,
    "maxResTime" : 1227.0,
    "pct1ResTime" : 1164.6000000000004,
    "pct2ResTime" : 1227.0,
    "pct3ResTime" : 1227.0,
    "throughput" : 0.0894822556687009,
    "receivedKBytesPerSec" : 0.08677332019435545,
    "sentKBytesPerSec" : 0.06090735566512161
  },
  "https://opensource-demo.orangehrmlive.com/web/index.php/leave/applyLeave-0" : {
    "transaction" : "https://opensource-demo.orangehrmlive.com/web/index.php/leave/applyLeave-0",
    "sampleCount" : 20,
    "errorCount" : 0,
    "errorPct" : 0.0,
    "meanResTime" : 558.6,
    "medianResTime" : 366.5,
    "minResTime" : 276.0,
    "maxResTime" : 1258.0,
    "pct1ResTime" : 1123.9000000000003,
    "pct2ResTime" : 1251.8,
    "pct3ResTime" : 1258.0,
    "throughput" : 0.22429822692251616,
    "receivedKBytesPerSec" : 0.3592276290555923,
    "sentKBytesPerSec" : 0.13032953615126672
  },
  "https://opensource-demo.orangehrmlive.com/web/index.php/leave/viewMyLeaveList" : {
    "transaction" : "https://opensource-demo.orangehrmlive.com/web/index.php/leave/viewMyLeaveList",
    "sampleCount" : 10,
    "errorCount" : 0,
    "errorPct" : 0.0,
    "meanResTime" : 1197.6999999999998,
    "medianResTime" : 1017.0,
    "minResTime" : 905.0,
    "maxResTime" : 2349.0,
    "pct1ResTime" : 2270.0,
    "pct2ResTime" : 2349.0,
    "pct3ResTime" : 2349.0,
    "throughput" : 0.1080345278350961,
    "receivedKBytesPerSec" : 1.151506693414215,
    "sentKBytesPerSec" : 0.48953145425277916
  },
  "https://opensource-demo.orangehrmlive.com/web/index.php/leave/viewLeaveModule" : {
    "transaction" : "https://opensource-demo.orangehrmlive.com/web/index.php/leave/viewLeaveModule",
    "sampleCount" : 10,
    "errorCount" : 0,
    "errorPct" : 0.0,
    "meanResTime" : 1440.1000000000001,
    "medianResTime" : 1077.5,
    "minResTime" : 863.0,
    "maxResTime" : 3036.0,
    "pct1ResTime" : 2926.7000000000003,
    "pct2ResTime" : 3036.0,
    "pct3ResTime" : 3036.0,
    "throughput" : 0.16197217318064755,
    "receivedKBytesPerSec" : 1.7264904983073908,
    "sentKBytesPerSec" : 0.7339364097248093
  },
  "https://opensource-demo.orangehrmlive.com/web/index.php/leave/viewLeaveModule-0" : {
    "transaction" : "https://opensource-demo.orangehrmlive.com/web/index.php/leave/viewLeaveModule-0",
    "sampleCount" : 10,
    "errorCount" : 0,
    "errorPct" : 0.0,
    "meanResTime" : 496.6,
    "medianResTime" : 316.5,
    "minResTime" : 267.0,
    "maxResTime" : 1226.0,
    "pct1ResTime" : 1172.5000000000002,
    "pct2ResTime" : 1226.0,
    "pct3ResTime" : 1226.0,
    "throughput" : 0.1648723063986942,
    "receivedKBytesPerSec" : 0.2640533032166587,
    "sentKBytesPerSec" : 0.09660486703048489
  },
  "https://opensource-demo.orangehrmlive.com/web/index.php/leave/viewLeaveModule-1" : {
    "transaction" : "https://opensource-demo.orangehrmlive.com/web/index.php/leave/viewLeaveModule-1",
    "sampleCount" : 10,
    "errorCount" : 0,
    "errorPct" : 0.0,
    "meanResTime" : 455.9,
    "medianResTime" : 368.0,
    "minResTime" : 341.0,
    "maxResTime" : 1101.0,
    "pct1ResTime" : 1037.0000000000002,
    "pct2ResTime" : 1101.0,
    "pct3ResTime" : 1101.0,
    "throughput" : 0.16725204883759826,
    "receivedKBytesPerSec" : 0.703961260244188,
    "sentKBytesPerSec" : 0.09620259449740759
  },
  "https://opensource-demo.orangehrmlive.com/web/index.php/recruitment/viewJobVacancy" : {
    "transaction" : "https://opensource-demo.orangehrmlive.com/web/index.php/recruitment/viewJobVacancy",
    "sampleCount" : 10,
    "errorCount" : 0,
    "errorPct" : 0.0,
    "meanResTime" : 1188.2,
    "medianResTime" : 1053.0,
    "minResTime" : 838.0,
    "maxResTime" : 2261.0,
    "pct1ResTime" : 2167.6000000000004,
    "pct2ResTime" : 2261.0,
    "pct3ResTime" : 2261.0,
    "throughput" : 0.08749671887304226,
    "receivedKBytesPerSec" : 0.9326432485344299,
    "sentKBytesPerSec" : 0.396896737466095
  },
  "https://opensource-demo.orangehrmlive.com/web/index.php/leave/applyLeave" : {
    "transaction" : "https://opensource-demo.orangehrmlive.com/web/index.php/leave/applyLeave",
    "sampleCount" : 20,
    "errorCount" : 0,
    "errorPct" : 0.0,
    "meanResTime" : 1521.6499999999999,
    "medianResTime" : 1225.0,
    "minResTime" : 836.0,
    "maxResTime" : 2646.0,
    "pct1ResTime" : 2367.3,
    "pct2ResTime" : 2632.1,
    "pct3ResTime" : 2646.0,
    "throughput" : 0.21864375280137308,
    "receivedKBytesPerSec" : 2.331139550741749,
    "sentKBytesPerSec" : 0.9896619084319963
  },
  "Leave" : {
    "transaction" : "Leave",
    "sampleCount" : 10,
    "errorCount" : 0,
    "errorPct" : 0.0,
    "meanResTime" : 3894.6,
    "medianResTime" : 3923.5,
    "minResTime" : 2765.0,
    "maxResTime" : 5006.0,
    "pct1ResTime" : 4946.6,
    "pct2ResTime" : 5006.0,
    "pct3ResTime" : 5006.0,
    "throughput" : 0.23280718908599898,
    "receivedKBytesPerSec" : 5.441981720270522,
    "sentKBytesPerSec" : 2.3751335003724914
  },
  "https://opensource-demo.orangehrmlive.com/web/index.php/pim/viewMyDetails" : {
    "transaction" : "https://opensource-demo.orangehrmlive.com/web/index.php/pim/viewMyDetails",
    "sampleCount" : 10,
    "errorCount" : 0,
    "errorPct" : 0.0,
    "meanResTime" : 1435.6,
    "medianResTime" : 1296.0,
    "minResTime" : 907.0,
    "maxResTime" : 2935.0,
    "pct1ResTime" : 2810.8,
    "pct2ResTime" : 2935.0,
    "pct3ResTime" : 2935.0,
    "throughput" : 0.08892762180860997,
    "receivedKBytesPerSec" : 0.9484426133382541,
    "sentKBytesPerSec" : 0.4026059127975741
  },
  "https://opensource-demo.orangehrmlive.com/web/index.php/leave/viewMyLeaveList-3" : {
    "transaction" : "https://opensource-demo.orangehrmlive.com/web/index.php/leave/viewMyLeaveList-3",
    "sampleCount" : 10,
    "errorCount" : 0,
    "errorPct" : 0.0,
    "meanResTime" : 319.7,
    "medianResTime" : 261.5,
    "minResTime" : 207.0,
    "maxResTime" : 704.0,
    "pct1ResTime" : 679.9000000000001,
    "pct2ResTime" : 704.0,
    "pct3ResTime" : 704.0,
    "throughput" : 0.1096058573370161,
    "receivedKBytesPerSec" : 0.10628771126529002,
    "sentKBytesPerSec" : 0.0746047681288088
  },
  "https://opensource-demo.orangehrmlive.com/web/index.php/leave/viewMyLeaveList-2" : {
    "transaction" : "https://opensource-demo.orangehrmlive.com/web/index.php/leave/viewMyLeaveList-2",
    "sampleCount" : 10,
    "errorCount" : 0,
    "errorPct" : 0.0,
    "meanResTime" : 390.5,
    "medianResTime" : 261.5,
    "minResTime" : 196.0,
    "maxResTime" : 1022.0,
    "pct1ResTime" : 992.4000000000001,
    "pct2ResTime" : 1022.0,
    "pct3ResTime" : 1022.0,
    "throughput" : 0.1096058573370161,
    "receivedKBytesPerSec" : 0.10607363732517865,
    "sentKBytesPerSec" : 0.07332032448814065
  },
  "Homepage" : {
    "transaction" : "Homepage",
    "sampleCount" : 10,
    "errorCount" : 0,
    "errorPct" : 0.0,
    "meanResTime" : 12643.0,
    "medianResTime" : 12335.5,
    "minResTime" : 7499.0,
    "maxResTime" : 20178.0,
    "pct1ResTime" : 19937.3,
    "pct2ResTime" : 20178.0,
    "pct3ResTime" : 20178.0,
    "throughput" : 0.4326007959854646,
    "receivedKBytesPerSec" : 1537.2063299635533,
    "sentKBytesPerSec" : 1.7156170239228241
  },
  "https://opensource-demo.orangehrmlive.com/web/index.php/leave/viewMyLeaveList-1" : {
    "transaction" : "https://opensource-demo.orangehrmlive.com/web/index.php/leave/viewMyLeaveList-1",
    "sampleCount" : 10,
    "errorCount" : 0,
    "errorPct" : 0.0,
    "meanResTime" : 419.0,
    "medianResTime" : 391.0,
    "minResTime" : 349.0,
    "maxResTime" : 590.0,
    "pct1ResTime" : 579.8000000000001,
    "pct2ResTime" : 590.0,
    "pct3ResTime" : 590.0,
    "throughput" : 0.10939482781254102,
    "receivedKBytesPerSec" : 0.4603877055255327,
    "sentKBytesPerSec" : 0.06292339216951823
  },
  "https://opensource-demo.orangehrmlive.com/web/index.php/leave/viewMyLeaveList-0" : {
    "transaction" : "https://opensource-demo.orangehrmlive.com/web/index.php/leave/viewMyLeaveList-0",
    "sampleCount" : 10,
    "errorCount" : 0,
    "errorPct" : 0.0,
    "meanResTime" : 380.29999999999995,
    "medianResTime" : 332.0,
    "minResTime" : 279.0,
    "maxResTime" : 917.0,
    "pct1ResTime" : 860.2000000000003,
    "pct2ResTime" : 917.0,
    "pct3ResTime" : 917.0,
    "throughput" : 0.10874411422481758,
    "receivedKBytesPerSec" : 0.1741604954381844,
    "sentKBytesPerSec" : 0.06371725442860406
  },
  "https://opensource-demo.orangehrmlive.com/web/index.php/leave/viewMyLeaveList-6" : {
    "transaction" : "https://opensource-demo.orangehrmlive.com/web/index.php/leave/viewMyLeaveList-6",
    "sampleCount" : 10,
    "errorCount" : 0,
    "errorPct" : 0.0,
    "meanResTime" : 393.9,
    "medianResTime" : 261.5,
    "minResTime" : 208.0,
    "maxResTime" : 1022.0,
    "pct1ResTime" : 993.2,
    "pct2ResTime" : 1022.0,
    "pct3ResTime" : 1022.0,
    "throughput" : 0.1096058573370161,
    "receivedKBytesPerSec" : 0.1063947482353457,
    "sentKBytesPerSec" : 0.07342736145819632
  },
  "https://opensource-demo.orangehrmlive.com/web/index.php/leave/viewMyLeaveList-5" : {
    "transaction" : "https://opensource-demo.orangehrmlive.com/web/index.php/leave/viewMyLeaveList-5",
    "sampleCount" : 10,
    "errorCount" : 0,
    "errorPct" : 0.0,
    "meanResTime" : 388.79999999999995,
    "medianResTime" : 261.0,
    "minResTime" : 188.0,
    "maxResTime" : 1022.0,
    "pct1ResTime" : 992.9000000000001,
    "pct2ResTime" : 1022.0,
    "pct3ResTime" : 1022.0,
    "throughput" : 0.1096058573370161,
    "receivedKBytesPerSec" : 0.1063947482353457,
    "sentKBytesPerSec" : 0.07449773115875312
  },
  "https://opensource-demo.orangehrmlive.com/web/index.php/leave/viewMyLeaveList-4" : {
    "transaction" : "https://opensource-demo.orangehrmlive.com/web/index.php/leave/viewMyLeaveList-4",
    "sampleCount" : 10,
    "errorCount" : 0,
    "errorPct" : 0.0,
    "meanResTime" : 395.0,
    "medianResTime" : 261.0,
    "minResTime" : 198.0,
    "maxResTime" : 1022.0,
    "pct1ResTime" : 993.8000000000001,
    "pct2ResTime" : 1022.0,
    "pct3ResTime" : 1022.0,
    "throughput" : 0.1096058573370161,
    "receivedKBytesPerSec" : 0.10628771126529002,
    "sentKBytesPerSec" : 0.073534398428252
  },
  "Debug Sampler" : {
    "transaction" : "Debug Sampler",
    "sampleCount" : 10,
    "errorCount" : 0,
    "errorPct" : 0.0,
    "meanResTime" : 0.2,
    "medianResTime" : 0.0,
    "minResTime" : 0.0,
    "maxResTime" : 1.0,
    "pct1ResTime" : 1.0,
    "pct2ResTime" : 1.0,
    "pct3ResTime" : 1.0,
    "throughput" : 0.08966760219864961,
    "receivedKBytesPerSec" : 0.06970255014660653,
    "sentKBytesPerSec" : 0.0
  },
  "Total" : {
    "transaction" : "Total",
    "sampleCount" : 900,
    "errorCount" : 0,
    "errorPct" : 0.0,
    "meanResTime" : 1021.171111111111,
    "medianResTime" : 408.0,
    "minResTime" : 0.0,
    "maxResTime" : 20178.0,
    "pct1ResTime" : 1614.1999999999998,
    "pct2ResTime" : 3510.8999999999987,
    "pct3ResTime" : 13077.340000000004,
    "throughput" : 3.1777753454065256,
    "receivedKBytesPerSec" : 261.3202246974052,
    "sentKBytesPerSec" : 3.3771931615157285
  }
}